Kategorie;Name;Sprache;Beschreibung;Nutzen;;;Link;;;;;;;;;;;;;;
Erfassung, Vermessung und Berechnung;Arboreal-Baumhöhe;Deutsch;ein nützliches Werkzeug für die Messung der Baumhöhe. Sie verwendet die Kamerafunktion des Geräts in Verbindung mit Bildanalysealgorithmen, um die Höhe von Bäumen zu bestimmen.;(1)Holz, (2)Bildung, Ortsbewusstsein;Holz#weil man messen kann wieviel Festmeter der Wald hat. Bildung#weil durch regelmäßige Messungen etwas über das Baumwachstum gelernt werden kann sowie bei häufger Nutzung ein Verständnis für die Höhe von Bäumen ausgebildet werden kann.Ortsbewusstsein#weil heimische Bäume vermessen werden können und dadurch ein Bewusstsein über diese entsteht. Zum Beispiel über die schöne Eiche im Ort. Durch das eintragen in Google Maps wird dieses Wissen auch für andere sichtbar und das Wissen ist jederzeit abrufbar und es werden Muster erkennbar.;;https://apps.apple.com/de/app/arboreal-tree-height/id1444138299;;;;;;;;;;;;;;
Erfassung, Vermessung und Berechnung;BitterlichRelascope;Englisch;ermöglicht die Messung von Baumstämmen mit einem Relaskop und berechnet automatisch den Holzvorrat und andere relevante Parameter. Die App bietet auch Funktionen wie das Aufzeichnen von GPS-Standorten, das Hinzufügen von Notizen und das Speichern von Messdaten für spätere Analysen.;(1)Holz,(2)Klimaregulation;Holz#weil man mit der App Festmeter Holz zur Ernte messen kann.Klimaregulation#weil man an Hand der Baumdicke eventuell auch aufgenommenes CO2 einschätzen kann?;;https://play.google.com/store/apps/details?id=ee.deskis.adnroid.relascope;;;;;;;;;;;;;;
Erfassung, Vermessung und Berechnung;ForestMetrixPro;Englisch;Forest Metrix ist eine umfassende Forstwirtschaftssoftware, die Funktionen wie Bestandserfassung, Baumvermessung, Holzvorratsberechnung, Waldinventarverwaltung und Forstwirtschaftsplanung bietet. Sie ermöglicht die Integration von GPS-Daten, die Erstellung von Karten und Berichten sowie die Analyse von Waldressourcen.;(1)Holz,(2)Klimaregulation;Holz#weil die App die Verwaltung von Wäldern zur Holzgewinnung ermöglicht. Klimaregulation#weil die App dabei auch den CO2 bestand erfassen kann? ;;https://forestmetrix.com/;;;;;;;;;;;;;;
Erfassung, Vermessung und Berechnung;ForestManager;Deutsch;Der ForestManager hilft Ihnen Objekte und Beobachtungen zu lokalisieren und schnell zu erfassen;(1)Holz;Holz#weil die App die Erfassung und Ernte von Bäumen digital begleitet;;https://forestmanager.de/;;;;;;;;;;;;;;
Erfassung, Vermessung und Berechnung;ForstApp;Deutsch;Diese App umfasst viele wichtige Funktionen, die vor allem in der Forstwirtschaft großen Nutzen haben können. Unter anderem umfasst die App, die Massenberechnung am liegenden, sowohl als auch am stehenden Stamm. Ebenfalls kann mit der App die Höhe eines Baumes, oder eines anderen Gegenstandes gemessen werden.;(1)Holz,(2)Klimaregulation;Holz#weil die App Baumhöhe und Umfang von Bäumen erfasst, sowie errechnet wie viele Setzlinge für eine Fläche bemötigt werdenKlimaregulation#weil man damit auch gebundenes CO2 erfassen kann, oder einen Klimawald planen kann;;https://forst-jagdapp.jimdofree.com/;;;;;;;;;;;;;;
Erfassung, Vermessung und Berechnung;Holzrechner;Deutsch;Das Volumen, Gewicht oder den Heizwert für verschiedene Holzarten zu berechnen;(1)Holz,(2)Klimaregulation;Holz#weil die App die Errechnung von Holzfestmeter ermöglichtKlimaregulation#weil man damit auch gebundenes CO2 feststellen kann?;;http://www.holzrechner.de/;;;;;;;;;;;;;;
Erfassung, Vermessung und Berechnung;iBitterlich;Englisch;Measure stand basal area using Bitterlich's method and stand volume;(1)Holz,(2)Klimaregulation;Holz#weil durch die Anwendung (Verfahren nach Spiegelrelaskop Bitterlich) über die Winkelzählprobe die Grundfläche des Bestandes (in der Regel bei BHD 1,3 m gemessen) ermittelt werden kann. Aus den abgeleiteten m2/ha kann dann der Holzvorrat berechnet werden. Zusätzlich können Höhen über das Spiegelrelaskop ausgegeben werden, so dass das Tool bzw. die App eine wichtige Grundlage für Inventuren und damit für die Erfassung von Holzvorräten darstellt.Klimaregulation#aus der ermittelten Biomasse kann über den Faktor 0,5 auf den gebundenen Kohlenstoff geschlossen werden. Um das CO2-Äquivalent zu erhalten, kann das Ergebnis mit dem Faktor 3,67 multipliziert werden.;;http://www.taakkumn.com/taakkumnRoom/iBitterlich.html;;;;;;;;;;;;;;
Erfassung, Vermessung und Berechnung;iCruisePro;Englisch;Timber inventory;(1)Holz,(2)Klimaregulation;Holz#weil die Software iCruisePro eine komplette Holzinventuranwendung für iPad, iPhone oder Computer bietet. Die Software ermöglicht die Erfassung der Daten vor Ort, die sofortige Bearbeitung des Auftrags auf dem mobilen Gerät und die Erstellung der endgültigen Bestands- und Vorratstabellen. Alles kann auf dem mobilen Gerät erledigt werden.Klimaregulation#weil man aus der festgestellten Biomasse über den Faktor 0,5 auf den gebundenen Kohlenstoff schließen kann. Zur Erhaltung des CO2 Äquivalentes kann das vorrangegange Ergebnis mit dem Faktor 3,67 multipliziert werden.;;http://www.icruisepro.com/;;;;;;;;;;;;;;
Erfassung, Vermessung und Berechnung;KATAMForest;Deutsch;Baumstämme per Smartphone scannen und analysieren, Walderfassung per Drohne, Unterstützung bei der Planung von Durchforstungen;(1)Holz,(2)Klimaregulation;Holz#weil die App eine automatiserte Waldinventur mit dem Smartphoone ermöglicht und relavante Indikatoren der Biomasse ausgibt: Baumart, Baumhöhe, Bestandesdichte, BHD, Bestandesstatistiken, Holzvolumen.Klimaregulation#weil man aus der festgestellten Biomasse über den Faktor 0,5 auf den gebundenen Kohlenstoff schließen kann. Zur Erhaltung des CO2 Äquivalentes kann das vorrangegange Ergebnis mit dem Faktor 3,67 multipliziert werden.;;https://www.katam.se/de/reports-and-tools-for-precision-forestry/scan-and-analyse-tree-trunks-by-smartphone/;;;;;;;;;;;;;;
Erfassung, Vermessung und Berechnung;KATAMTreeMap;Deutsch;Baumkronen per Drohne scannen und vermessen;(1)Holz,(2)Klimaregulation, Primärproduktion;Holz#weil die App über Kartendarstellungen, Baumart, Baumhöhe,Bestandesdichte, Waldvitalität Informationen über die vorhanene Biomasse zulässt.Klimaregulation#weil man aus der festgestellten Biomasse über den Faktor 0,5 auf den gebundenen Kohlenstoff schließen kann. Zur Erhaltung des CO2 Äquivalentes kann das vorrangegange Ergebnis mit 3,67 multipliziert werden.Primärproduktoin#weil die App Infomationen zur Waldvitalität erlaubt, wodurch Photosyntheseleistungen  evaluiert werden können.;;https://www.katam.se/de/reports-and-tools-for-precision-forestry/localize-and-analyze-each-treetop-by-drone/;;;;;;;;;;;;;;
Erfassung, Vermessung und Berechnung;Kronentransparenz;Deutsch;Die App unterstützt bei der Abschätzung der Kronentransparenz;(1)Primärproduktion,(2)Klimaregulation, Nährstoffkreislauf, Krankeitsregulation, Ästhetik;Primärproduktion#da die produzierte Biomasse u.a. von der Photosyntheseleistung abhängt, die wiederum maßgeblich von der Blattfläche bestimmt wird.Klimaregulation#da die Senkenleistung des Waldes im Hinblick auf den Kohlenstoffhaushalt bei vitaler Krone und damit höherer Photosyntheseleistung größer ist.Nährstoffkreislauf#weil Laub- und Nadelfall die Humusbildung und damit den Nährstoffhaushalt beeinflussen.Krankheitsregulation#weil ein Baum mit einer vitalen Krone Krankheitserreger besser abwehren kann als ein geschwächter Baum mit einer stark durchscheinenden Krone. Folglich wird die Ausbreitung und Ausprägung von Krankheitserregern beeinflusst.Ästhetik#da die Transparenz der Kronen auf die Vitalität des Waldes schließen lässt und flächig geschwächte Bäume ein anderes Landschaftsbild erzeugen (z.B. flächiger Borkenkäferbefall). ;;https://www.inforst.de/de/apps/kronentransparenz/kronentransparenz-information.html;;;;;;;;;;;;;;
Erfassung, Vermessung und Berechnung;Treeva;Deutsch;Mit treeva verorten Förster und Waldbesitzer Bäume auf Knopfdruck - manuell oder per Sprache. In Karten und Auswertungen können fotooptisch vermessene Holzpolter, Einzelstämme oder Sicherheitshinweise für jedes Objekt übersichtlich zusammengefasst werden. Damit gewinnen Sie eine hocheffiziente Arbeitsplanung und eine verbesserte Kommunikation unter allen Beteiligten der Holzprozesskette.;(1)Holz,(2)Alle weiteren Leistungen;Holz#weil die App primär auf die Verwaltung von Waldbeständen ausgelegt ist und zum Beispiel die Ortung einzelner Bäume oder Vermessung von Poltern ermöglicht.Alle weiteren Leistungen#weil die Ortung und Kommunikation bestimmter Orte oder die Möglichkeit Sprachnotizen auf Karten zu hinterlassen auch für andere Maßnahmen, die ÖSL fördern, genutzt werden könnten. ;;https://treeva.de/;;;;;;;;;;;;;;
Erfassung, Vermessung und Berechnung;MeasureHeight;Englisch;Software uses devices accelerometer and trigonometrical equations to estimate distance to a tree and tree height;(1)Holz,(2)Klimaregulation, Primärproduktion;Holz#da die Anwendung die Höhe des Baumes misst und somit Annahmen über das Gesamtvolumen des Baumes zulässt. Durch die Messung der Oberhöhe kann die App auch wichtige Informationen über die Gesamtleistung bzw. den dGZ (durchschnittlicher Gesamtzuwachs) liefern. Die daraus resultierende Bonitierung dient der Ermittlung der Ertragsfähigkeit und des Leistungspotenzials des Bestandes.Klimaregulation#da die Gesamtwuchsleistung über die Höhenbonitierung Aussagen zum Holzvorrat zulassen. Dieser bindet wiederrum Kohlenstoff.Klimaregulation#weil die Ertragsfähigkeit auf das Wachstum und somit die Primärproduktion zurückgeführt werden kann.;;https://play.google.com/store/apps/details?id=ee.deskis.android.height;;;;;;;;;;;;;;
Erfassung, Vermessung und Berechnung;MOTI;Deutsch;MOTI nutzt die Vorteile von Smartphones für eine einfache und bequeme Erfassung wesentlicher Merkmale des Waldzustandes;(1)Holz,(2)Klimaregulation, Bildung;"Holz#weil die App ein Messinstrument zur Erfassung dendrometrischer Größen (Grundfläche pro ha (G) wahlweise mit oder ohne Unterscheidung der Baumarten, Stammzahl pro ha (N), Baumhöhen (h), Vorrat an Derbholz pro ha (V)) ist und damit eine Abschätzung des Holzvorrates ermöglicht. Darüber hinaus kann es mit der eigenständigen Windows-Anwendung ""SiWaWa"", einem Standwachstums-Simulationsmodell, kombiniert werden. Damit können Zukunftsszenarien erstellt werden.Klimaregulation#weil aus der ermittelten Biomasse über den Faktor 0,5 auf den gebundenen Kohlenstoff geschlossen werden kann. Um das CO2-Äquivalent zu erhalten, kann das Ergebnis mit dem Faktor 3,67 multipliziert werden.Bildung#da die Anwendung einen intuitiven Zugang zu wichtigen forstlichen Kenngrößen ermöglicht und kostenlos ist. Dabei werden die entsprechenden Parameter näher gebracht. Der Bildungscharakter wird durch die Möglichkeit der Erstellung von Zukunftsszenarien unterstrichen.  ";;http://www.moti.ch/;;;;;;;;;;;;;;
Erfassung, Vermessung und Berechnung;MW-ForstApp2.0;Deutsch;Schnelles, effizientes und ressourcensparendes zur Kartographierung von Borkenkäferbefall oder von Einzelwürfe durch Sturm;(1)Holz, Krankheitsregulation;"Holz#da die Bereitstellung der Ressource erleichtert und die Rückverfolgbarkeit digitalisiert wird. Die App ermöglicht über Drohnenflug ""Pins"" Koordinaten für die zu entnehmende Bäume zu setzen. Die Pins werden in weiterer Folge durch Förster & Försterinnen, Havester, Forstwirt & Forstwirtin und Rückezug geupdatet. Dadurch wird die Holzentnahme digitalisiert, klar strukturiert und erleichtert.Krankheitsregulation#da das mit der App kombinierte Drohnenmonitoring Schad-,Sturm- und Käferholz kartiert und die Standorte digital mit den ""Pins"" hinterlegt werden. Dadurch wird die Entnahme entsprechender Bäume beschleunigt. ";;https://www.forstunternehmen-widiner.de/app-aus-der-praxis;;;;;;;;;;;;;;
Erfassung, Vermessung und Berechnung;Schadensmeldungmobile;Deutsch;Mit dieser App können im Waldschutz-Meldeportal registrierte Nutzer:innen Schäden direkt im Wald – auch ohne Netzverbindung – erfassen.;(1)Krankheitsregulation;Krankheitsregulation#weil über die App Schäden direkt im Wald erfasst werden. Steht eine Netzverbindung zur Verfügung, können die auf dem Endgerät gespeicherten Meldungen direkt in das Portal übertragen werden.Somit kann der Ausbreitung von Schäden effektiver vorgebeugt und deren Auftreten effezienter kommuniziert werden. ;;https://www.nw-fva.de/veroeffentlichen/software;;;;;;;;;;;;;;
Erfassung, Vermessung und Berechnung;TRESTIMAforestinventorysystem;Englisch;Tool for forest inventory;(1)Holz,(2)Klimaregulation;Holz#da basierend auf Bildern zeitunaufwändige Inventuren aufgestellt werden können und somit Rückschlüsse über das vorhandene Holzvolumen zulassen.Klimaregulation#da die ausgegebene Biomasse bzw. der ausgegebene Holzvorrat Aufschlüsse über den gebundenen Kohlenstoff im Wald zulässt.;;https://www.trestima.com/w/en/forest-inventory-system/;;;;;;;;;;;;;;
Erfassung, Vermessung und Berechnung;TRESTIMA®Stumptreatmentcoveragemeasurement;Englisch;Measure the coverage of stump treatment;(1)Krankheitsregulation;Krankheitsregulation#da die Behandlung des Stumpfes mit einer zugelassenen Stumpfbehandlungslösung als Präventionsmethode gilt. Flüssigkeit als präventives Mittel wird beim Einschlag des Holzes bspw. automatisch über den Harvesterkopf versprüht. Um die Ausbreitung des Pilzes erfolgreich zu verhindern, muss der Stubbenkopf zu mindestens 85 % bedeckt sein. TRESTIMA hat zusammen mit dem Finnish Forest Center eine Anwendung entwickelt, mit der sich die Abdeckung mit dem Behandlungsmittel des Stubbenkopfes einfach messen lässt.;;https://www.trestima.com/w/en/stump-treatment-coverage-measurement/;;;;;;;;;;;;;;
Erfassung, Vermessung und Berechnung;Waldkatmobil;Deutsch;Eine Online- oder Offline-App zur mobilen Nutzung von Forstkarten und beschreibenden Daten zu Forstflächen sowie Erfassung von Waldschäden;(1)Krankheitsregulation,(2)Holz;Krankheitsregulation#da die Waldschäden automatisch auf das Waldschutz Meldeportal der NW-FVA hochgeladen werden können.Holz#da georeferenzierte Daten die Aufnahme von Poltern und Holzvorräten erleichtern.;;https://play.google.com/store/apps/details?id=io.cordova.arc.waldkat.mobil&hl=en\nhttps://apps.apple.com/de/app/waldkat-mobil/id1462879787;;;;;;;;;;;;;;
Fernerkundung;EBEurope;Deutsch;Gesundheitskartierung und -monitoring (Basis: Drohnen- und Satellitenaufnahmen), Früherkennung und Schadenaufnahme, Georeferenzierung, Baumhöhenkartierung, Bestanderfassung und -auswertung, Digitalisierung (GIS);(1)Krankheitsregulation, Holz,(2)Klimaregulation;Krankheitsregulation#weil Gesundheitsmonitoring und Risikokartierung auf Basis von Drohnen- und Satellitenaufnahmen vorgenommen werden können.Holz# da über die Aufnahmen eine Bestandsaufnahme vorgenommen werden kann.Klimaregulation#da die Bestandsaufnahme Rückschlüsse über die vorhandene Biomasse zulässt und somit über den gebundenen Kohlenstoff.;;https://eb-europe.de/forstwirtschaft;;;;;;;;;;;;;;
Fernerkundung;Skylab-ChangeMonitor;Deutsch;The Change Monitor analyses drone, plane or satellite data for immediate and up-to-date information on the state of your forests;(1)Holz, Klimaregulation, Krankheitsregulation,(2)Primärproduktoin;"Holz#da Skylab ein auf high resolution satellite date basierendes ""Harvest Monitoring"" erlaubt und somit Aufschlüsse über stehende und geerntete Holzmengen erlaubt. Außerdem kann der Ernteprozess transparent zurückverfolgt und strukturiert werden.Klimaregulation#da Skylab Informationen bzgl. der ""Carbon Transparency"" ermöglicht und somit den gebundenen Kohlenstoff kartiert.Krankheitsregulation#da ein ""Forest Health Monitoring"" und ein ""Damage assessment"" (eg. fire, storm, pest, insects, droughts,illegal logging) vorgenommen werden kann. Dafür können positive und negative Veränderungen in monatlichen oder jährlichen Zeitreihen festgehalten werden. Somit kann der ""Forest Change"" geografisch und zeitlich gezielt analysiert werden. Primärproduktion#über die Ausgabe von ""Forest Health"" und ""Forest Change"" können indirekt Information zu der Primärproduktion gewonnen werden.";;https://www.skylabglobal2.com/changemonitor;;;;;;;;;;;;;;
Fernerkundung;Skylab-DigitalForester;Deutsch;The Digital Forester is a combination of the most advanced data analytics and modelling tools. We use Photogrammetry or Laserscanning data to generate 3D forestry models to extract tree heights and structural information.;(1)Holz,(2)Klimaregulation;Holz#da ein 3D Modelll (anstelle einer zweidimensionalen Zählungsmethode) für die Bestandesaufnahme erzeugt wird. Klimaregulation#weil man aus der festgestellten Biomasse über den Faktor 0,5 auf den gebundenen Kohlenstoff schließen kann. Zur Erhaltung des CO2 Äquivalentes kann das vorrangegange Ergebnis mit 3,67 multipliziert werden.;;https://www.skylabglobal2.com/digitalforester;;;;;;;;;;;;;;
Fernerkundung;Skylab-SeedlingCounter;Deutsch;Automatically counts all seedlings and differentiates them from weeds and other features. You will get colour-coded digital grid maps showing seedling and weed density. If seedlings are large enough, we can also assess their relative vitality.;(1)Krankheitsregulation,(2)Holz;Krankheitsregulation#da über eine high resolution Drone Daten ausgegeben werden, um alle Sämlinge/Setzlinge zu erfassen inkl. Überlebensrate und Zustand der jeweiligen Jungpflanze (Mortalität ja/nein). Dadurch muss sich nicht auf extrapolierte Spot Samples verlassen werden. Neben der Mortalität wird auch der Unkrautszustand und somit der Konkurrenzbewuchs festgehalten.Holz#da auch eine Volumen-Inventur durchgeführt werden kann.;;https://www.skylabglobal2.com/seedlingcounter;;;;;;;;;;;;;;
Fernerkundung;Skylab-TreeCounter;Deutsch;Zählt jeden Baum im Gebiet anhand von Dronenaufnahmen inkl. Gesundheitszustand und Höhe;(1)Holz,(2)Krankheitsregulation;Holz#da der Tree counter als Entscheidungshilfe fü Durchforstungs- und erntemaßnahmen dient und somit das Wachstumverhalten des Bestandes als Entscheidungssupport beeinflusst. Dafür werden Bäume in einem bestimmten gebiet gezählt, sowie Gesundheutszustand und Höhe ausgegeben.Krankheitsregulation#da Informationen zu dem Gesundheitszustand ausgegeben werden.;;https://www.skylabglobal2.com/treecounterFernerkundung;Waldclick;Deutsch;Durch Satellitenbilder und Fernerkundungsmethodik werden Routineaufgaben, wie die Inventur & Aufnahme von Beständen und Verfassungen des Waldes automatisiert.;(1)Krankheitsregulation;Klimaregulation#Durch die Vorteile der satellitengestützten Forstüberwachung mit hoher zeitlicher Häufigkeit können Reaktionszeiten auf Veränderungen reuziert werden, sowie Zeitreihen aktualisiert und analysiert werden. Dies dient insbsondere dem Monitoring und erlaubt Krankheitsregulierende Maßnahmen effektiver einzuleiten.;;https://supervision.earth/de/waldclick/Fernerkundung;WaldCursor;Deutsch;Mit dem WaldCursor können Sie ganz einfach die zahlreichen Möglichkeiten der Fernerkundung für Ihren Forst nutzen;(1)Krankheitsregulation, Gewässermonitoring,(2)Frischwasser;Klimaregulation#Durch Umweltmonitoring, flächenbezogenes Projektmanagement, Satelitten Zeitreihen und georeferenzierte Kalamitäten-Kontrollen können Krankheits regulierende Maßnahmen effektiver eingeleitet werden.Wasserregulation#da ein Gewässermonitoring durchgeführt werden kann.Frischwasser#da ein Gewässerminitoring durchgeführt werden kann.;;https://waldcursor.com/
Forstmaschinen;forstwarenext;Deutsch;"Instrument zur Kalkulation der Maschinenwirtschaftlichkeit für Maschinenbesitzer und Einsatzleiter; Vor-und Nachkalkulation; Angebots- und Rechnungserstellung, Abrechnung sowie Import verschiedener Daten";(1)Holz;Holz#da die App bei der Maschinenbuchführung (z.B. Harvester) hilft und Kosten/Umsätze der Maschinen darlegt. Somit entsteht eine solide Datenbasis im Zuge der Holzernte und schafft detailierte Übersichten für Fahrer, Maschinen und den gesamten Betrieb. U.a. kann der Handel von zertifizierten Holz genau nachvollzogen werden.;;https://wahlersforsttechnik.de/Produkte/forstware/;;;;;;;;;;;;;;
Forstmaschinen;JohnDeere-TimberMaticKarten;Englisch;TimberMatic Karten bietet den Fahrern eine Echtzeit-Produktionsansicht der Holzeinschlagfläche. Die von den Sensoren des Harvester erfassten Daten und die präzise Lokalisierung der gefällten Stämme mit GPS-Unterstützung werden vom Harvester automatisch auf die TimberMatic-Anwendung zur Nutzung durch den Forwarder übertragen.;(1)Holz;Holz#weil TimberMatic-Karten den Fahrern eine Echtzeit-Produktionsansicht der Holzeinschlagfläche bieten. Die von den Sensoren des Harvester erfassten Daten und die präzise Lokalisierung der gefällten Stämme mit GPS-Unterstützung werden vom Harvester automatisch auf die TimberMatic-Anwendung zur Nutzung durch den Rückezug übertragen.;;https://www.deere.de/de/forstmaschinen/timbermatic-karten/;;;;;;;;;;;;;;
Forstmaschinen;MaxiFleet;Englisch;Ein einzigartiges webbasiertes Flottenmanagementsystem für Forstmaschinen;(1)Holz;Holz#da MaxiFleet Daten über Maschine und deren Produktion verarbeitet, die dann in MaxiFleet analysiert werden und anschließend als hilfreiche Funktionen den Arbeitsalltag und somit die Holzernte vereinfachen.;;https://www.komatsuforest.de/services/maxifleet;;;;;;;;;;;;;;
Forstmaschinen;OPTIListNext;Deutsch;"Import von Harvesterdaten aller gängiger Maschinentypen; Einfache und schnelle Erstellung von unterschiedlichen Holzlisten; Korrektur von Fehleingaben des Fahrers; Weitere Berichte";(1)Holz;Holz#da die App den Import von Harvesterdaten aller gängiger Maschinentypen ermöglicht, eine Aufarbeitungskontrolle der eingelesenen Daten zur Korrektur von Fehleingaben des Fahrers ermöglicht, eine einfache und schnelle Erstellung von unterschiedlichen Holzlisten erlaubt und Effizienzberichte ausgibt.;;https://wahlersforsttechnik.de/Produkte/optilist-next/;;;;;;;;;;;;;;
Forstmaschinen;QSHarvester;Deutsch;System für das Monitoring der Kontrollvermessung und Justierung;(1)Holz;Holz#weil die App bei der Qualitätssicherung der Harvestervermessung hilft und somit das Harvestermaß als zentrales Logistikmaß bei der Holzernte im Sinne des KVP (kontinuirlicher Verbesserungsprozess) begünstigt.;;https://kwf2020.kwf-online.de/qs-harvester/;;;;;;;;;;;;;;
Forstmaschinen;StanForD-Report;Deutsch;Praxiswerkzeug zum standardisierten Einlesen von Harvesterdaten;(1)Holz;Holz#da Harvester und Forwarder mit PC-gestützten Bordcomputern digitale Berichte zu Standardeinstellungen, Arbeitsauftrag und zur aktuellen Produktion liefern können. Die Kommunikation erfolgt nach StanForD oder StanForD2010.;;https://kwf2020.kwf-online.de/stanford-2/;;;;;;;;;;;;;;
Forstmaschinen;TimeControl;Deutsch;Die Forsttechnik Software TimeControl erfasst Zeiten und Leistungen der Fahrer direkt auf den Forstmaschinen. Diese Daten werden per Mail an eine oder mehrere Zentralen verschickt und dort automatisch eingelesen.;(1)Holz;Holz#da die Forsttechnik Software TimeControl Zeiten und Leistungen der Fahrer direkt auf den Forstmaschinen erfasst. Diese Daten werden per Mail an eine oder mehrere Zentralen verschickt und dort automatisch eingelesen. ;;https://wahlersforsttechnik.de/Produkte/timecontrol/;;;;;;;;;;;;;;
Fotooptische Holzvermessung;AFoRS;Deutsch;AFoRS bietet dem Anwender eine benutzerfreundliche Lösung zur automatisierten Vermessung von Rohholzpoltern im Wald, im Werk oder auf dem Lkw;(1)Holz;Holz#weil die App AFoRS dem Anwendenden eine Lösung zur automatisierten Vermessung von Rohholzpoltern im Wald, im Werk oder auf dem Lkw bietet. Mithilfe eines Smartphones, eines Tablets oder einer Kamera werden Daten zu Raumvolumen, Festmeter, Stammanzahl sowie Stärkeklassenverteilung bereitgestellt.;;http://www.afors.de/index.php?id=afors;;;;;;;;;;;;;;
Fotooptische Holzvermessung;iFOVEAPro;Deutsch;Mit iFOVEA Pro können Sie mit Ihrem Smartphone Bilder vom Holzpolter aufnehmen. Anschließend berechnet die App mithilfe neuester Bildverarbeitungstechnologien die Festmeter, Raummeter, Stammdurchmesser und weitere Polterdaten in wenigen Sekunden direkt auf dem Gerät;(1)Holz;Holz#da FOVEA eine Komplettlösung für die digitale Holzinventur darstellt. Mit der App „iFOVEA Pro“ kann unter der Nutzung von Bildverarbeitungstechnologien Holzpolter beliebiger Größe in wenigen Minuten berechnt werden.;;http://www.fovea.eu/;;;;;;;;;;;;;;
Fotooptische Holzvermessung;LogStackPro;Deutsch;Das einzige handgeführte Holzpoltervermessungssystem, dass konformitätsbewertet ist und geeichte Poltervorder- und Rückseitenmaße liefert;(1)Holz;Holz#da das Handmessgerät LogStackPro speziell für die digitale fotooptische Vermessung von Rundholzpoltern im Wald entwickelt wurde, um eine präzise Echtzeitdokumentation, Volumenermittlung und Positionsbestimmung vorzunehmen.;;https://www.hdsilva.de/fotovermessung;;;;;;;;;;;;;;
Fotooptische Holzvermessung;Polterscanner;Deutsch;Mit dem handlichen System wird eine 3D-Aufnahme des Holzpolters, Langholzabschnitts oder Hackschnitzelhaufens erzeugt. Mit der speziell entwickelten Software werden Messergebnisse direkt vor Ort ermittelt (z.B. Raummaß und Stammzahl im Polter).;(1)Holz;Holz#da 3D-Aufnahmen des Holzpolters, Langholzabschnitts oder Hackschnitzelhaufens vor Ort erzeugt werden können.;;https://www.vins3d.de/entwicklung/;;;;;;;;;;;;;;
Fotooptische Holzvermessung;sScale™;Deutsch;Holzpoltervermessung mit 3D-Stereokameratechnologie;(1)Holz;Holz#da die Fotovermessung von Holzpoltern automatisiert wird. Durch die fotooptische Holzvermessung wird der Holz- und Informationsfluss vereinfacht und beschleunigt, Logistikkosten minimiert, die Dokumentation erleichtert und der Holzverkaufsprozess transparenter gestaltet.;;https://www.dralle.dk/sscale;;;;;;;;;;;;;;
Fotooptische Holzvermessung;Timbeter;Deutsch;Timbeter ist eine App für digitale Nutzholzvermessung, die mithilfe von Technologien maschinellen Lernens und künstlicher Intelligenz Stämme exakt erfasst;(1)Holz;Holz# da die App eine Lösung für eine erlechterte Rundholzvermessung anbietet und über die Cloud entsprechende Daten zur Verfügung stellt und managed. Timbeter ist eine globale Lösung, um effizient, transparent und gesteuert das Management der Holzlieferkette zu unterstützen. ;;http://www.timbeter.com/;;;;;;;;;;;;;;
Fotooptische Holzvermessung;TRESTIMA® Stack;Englisch;An easy to use tool for measuring log piles;(1)Holz;Holz#da die App eine schnelle und genaue Messung des Holzvolumens und der DBH-Verteilung der Pfähle sowie der Stammzahl ermöglicht;;https://www.trestima.com/w/en/stack-measuring-system/;;;;;;;;;;;;;;
Fotooptische Holzvermessung;IABG - Forstwirtschaft;Deutsch;ForstMonitor liefert jährliche Informationen bis hin zu Ad-hoc Aussagen in hoher Qualität. Mit Satelliten- und Luftbilddaten wird eine Aktualisierung der Walddaten aus der Luft in kürzeren und flexibleren Abständen möglich. Digitale automatisierte Analyseverfahren liefern wichtige Informationen zur Früherkennung. Daraus lassen sich Maßnahmen zur Reduzierung von Waldschäden sowie ein nachhaltiger strategischer Waldumbauprozess ableiten.;(1)Krankheitsregulation, Holz(2)Primärproduktion, Wasserregulation;Krankheitsregualtion#da die digitale automatisierte Analyseverfahren wichtige Informationen zur Früherkennung liefern. Daraus lassen sich Maßnahmen zur Reduzierung von Waldschäden ableiten. so werden Analysen zu Schadereignissen wie Sturmwurf, Schneebruch, Trockenschäden und Schädlingsbefall im gewünschten Zeitfenster angeboten.Holz#da die Analyseverfahren einen nachhaltigen strategischen Waldumbauprozess unerstützen und somit die zukünftige Holzbereitstellung maßgeblich bedingen. Weiterhin werden Baumarten, Baumhöhen und Kroneschlussgrad ermittelt, wodurch Aussagen zu dem vorhandenen Holzvolumen erleichtert werden.Primärproduktion#weil die Analyse des Kronenschlussgrades Aussagen zur Bestandesvitalität erleichtert und somit auf die Primärproduktion.Wasserregulation#da die App Risikoanalysen z.B. potenzieller Hangrutschflächen, Hochwasser und Überschwemmungen ermöglicht.;;#NVHolzvermarktung;Holz von Hier;Deutsch;Holz regional vermarkten um lange Transportwege zu vermeiden. (Inkl. Umweltzertifikat);(1)Holz, Klimaregulation,(2)Ortsbewusstsein;"Holz#da die App die eine verantwortungsvolle und lokale Rohstoffgewinnung überprüft. Damit soll sichergestellt werden, dass die Produkte zu 100%, Holz aus nachhaltiger Waldwirtschaft und entwaldungsfreien Lieferketten enthalten. Damit bezieht sich die App auf die Bereitstellung der Ökosystemdienstleistung Holz und fördert den verantwortungsbewussten Umgang.Klimaregulation#im Englischen heißt der Dienst ""Low Carbon Timber"" und versucht über kurze Distanzen und Herkunftsnachweis die Emissionen möglichst gering zu halten und den klimaregulierenden Benefit der Ressource Holz für die weiteren Prozessschritte zu optimieren.Ortsbewusstsein#da der Dienst herkunftsbezogene Angaben liefert und den Ursprung der Ressource transparenter gestaltet. Dabei wird lokales Agieren in den Vordergrund gestellt und das Ortsbewusstsein gefördert.";;https://www.holz-von-hier.eu/;;;;;;;
Holzvermarktung;Forstify;Deutsch;Holzlisten erstellen, Rohholz anbieten, Volumen berechnen, Standorte markieren;(1)Holz;Holz#da die App Holzvermessung, Holzdatenverwaltung und Holzvermarktung durch Photovermessung und Datenspeicherung erleichtert;;https://forstify.de/;;;;;;;;;;;;;;
Holzvermarktung;Holzmarktplatz;Deutsch;Ein Marktplatz um Holz zu kaufen und Verkaufen inkl. Hilfmaterialien und FAQ. Kostenlos/Spendenfinanziert;(1)Holz;Holz#da der Verkauf von Holz erleichert wird und auf einer gemeinsamen Plattform Verkäufer und Käufer zusammen gebracht werden. Dadurch kann Holz auf dem digitalen Holzmarktplatz ohne weitere Kosten – im Stockverkauf, als Einzelbaum oder liegend ab Polter angeboten werden ;;https://www.holz-kauf.de/;;;;;;;;;;;;;;
Holzvermarktung;Rundholzportal;Deutsch;Das Rundholzportal verbessert die Kommunikation zwischen Waldbesitzern, Spediteuren und Holzverarbeitern;(1)Holz;Holz#da der Dienst dabei hilft die Kommunikation entlang der Wertschöpfungskette Holz durch eine gemeinsame Plattform für Waldbesitzer, Spediteure und Holzverarbeiter zu erleichtern. Dadurch können insbesondere Rundholzkapazitäten besser eingeplant werden.;;https://start.rundholzportal.de/;;;;;;;;;;;;;;
Holzvermarktung;Timber Base;Deutsch;Eine Plattform zum Kaufen, Verkaufen und Verwalten von Holzprodukten - einfacher und schneller;(1)Holz;Holz#da TimberBase™ ein Online-Marktplatz ist, der eine breite Palette von Bauholz und Baumaterialien anbietet und gleichzeitig die Transaktionen vereinfacht. Es wird ein großes Volumen an Produkten in verschiedenen Güteklassen, Holzarten und Abmessungen angeboten.;;https://timberbase.com/de/;;;;;;;;;;;;;;
Holzvermarktung;TimberTom (Wenige User);Deutsch;"Brennholz online kaufen/verkaufen; Anscheinend keine User im Bereich Siegen";(1)Holz;Holz#da TimberTom Forstbetriebe und Brennholzkäufer über eine gemeinsame, digitale Plattform (Marktplatz für Brennholz) zusammenführt. ;;https://timbertom.de/;;;;;;;;;;;;;;
Marktplätze;Waldbörse;Deutsch;Webseite zum Kaufen und Verkaufen von Wald inklusive FAQ und weiterführenden Links;-;Das Ändern des Besitzers trägt nicht direkt zu Ökosystemleistungen bei;;https://www.wald-boerse.de/;;;;;;;;;;;;;;
Mobile Holzdatenerfassung;ForstAS Docx;Deutsch;Forst App zur mobilen Datenerfassung;(1)Holz;Holz#da mittels der App z.B. Polter (Holzlisten) erfasst werden können und deren Position nachvollziehbar angegeben werden können (Lagerort GPS).;;https://play.google.com/store/apps/details?id=de.trautware.forstasdocx.app&gl=US;;;;;;;;;;;;;;
Mobile Holzdatenerfassung;Holzliste;Deutsch;Die App zur Erfassung von Stammholz;(1)Holz;Holz#da mit der App Stämme direkt auf dem Android-Smartphone oder Tablet erfasst werden können. Folglich ist man  ständig über die Anzahl Festmeter informiert. Erstellen und versenden von Holzlisten und exportieren der Stämme in die Software FOREST 3.0 ist nachfolgend möglich. Alle üblichen Baumarten und Rindenabzüge sind in der App bereits vorhanden. Übersichtliche Holzliste, einfach zu bedienen.;;https://www.holdi.de/app-holzliste/;;;;;;;;;;;;;;
Mobile Holzdatenerfassung;Holzmichel-App;Deutsch;Unterstützt den Waldarbeiter bei der Erfassung des geernteten Holzes;(1)Holz;Die Android-Anwendung Holzmichel-App unterstützt den Waldarbeiter bei der Erfassung des geernteten Holzes. Dabei enthalten die vom Holzmichel-Manager gesendeten Auftragspositionen alle benötigten Informationen. Fehleingaben werden abgefangen. Der Waldarbeiter behält dabei stets den Überblick. Die erfassten Daten lassen sich später wieder auslesen und weiter verarbeiten. ;;http://www.eforst.de/produkte/holzmichel-app/;;;;;;;;;;;;;;
Mobile Holzdatenerfassung;LogIt;Deutsch;Einfache und mobile Holzerfassung durch die Voreinstellung aller gängigen Holzkennzahlen;(1)Holz;Holz#da es sich um eine App zur Erfassung von geschätzten Rundholzmengen handelt. Bereitstellung von Funktionen zur Verortung mittels Karte.;;https://www.giftthaler-geoinformation.de/service/unsere-apps/;;;;;;;;;;;;;;
Mobile Holzdatenerfassung;mScale™;Deutsch;Manuelle Holzvermessung – digital erfassen und automatisieren;(1)Holz;Holz#weil mScale unterstützt die Holzvermessung im Wald, da alle manuell erfassten Messdaten im Sektionsmessverfahren oder bei der Einzelstammvermessung sofort digital erfasst werden. GPS-Positionierung und eine fotooptische automatisierte Zählfunktion an einem Panoramabild ergänzen das Holzaufmaß im Wald.;;https://de.dralle.dk/mscale;;;;;;;;;;;;;;
Mobile Holzdatenerfassung;PolterApp;Deutsch;Ein innovatives Werkzeug, welches altmodische “Stift und Papier”-Methode bei der Holzaufnahme im Wald völlig in Schatten stellt;(1)Holz;Holz# da die App Angabe der Polter-Basisdaten wie etwa Lagerort, Revier, Waldbesitzende, Förster & Försterinnen, Zufällende, Rückende etc. bereitstellt und Angaben der Sorte, Baumart und Güte liefert. Zudem wird ein digitlaes Holzaufnahmeverfahren gewährleistet.;;http://igomobile.de/polterapp/;;;;;;;;;;;;;;
Mobile Holzdatenerfassung;proBaum;Deutsch;Planung und Durchführung von Baumkontrollen im Außeneinsatz;(1)Krankheitsregulation;Krankheitsregulation# da die Sotware proBaum Verantwortliche in der Koordination von Baumkontrolle und Baumpflegeaufträgen unterstützt. Da sich sowohl Flächen als auch Einzelbäume erfassen und kontrollieren lassen, ist proBaum auch zur Kontrolle von Waldrändern, zur Waldwegekontrolle oder zur Überwachung anderer der Verkehrssicherung unterliegender Flächenobjekte geeignet.;;http://www.giscon.de/index.php/de/produkte/branchen/forst-und-landwirtschaft/probaum;;;;;;;;;;;;;;
Mobile Holzdatenerfassung;proMDE;Deutsch;Die neue Mobilität für die Holzdatenaufnahme;(1)Holz;Holz#weil die Software die digitalisierte, organisierte Aufnahme von Holzmessdaten inkl. Plausibilitätsprüfungen und Schnellerfassungsmodi ermöglicht. Darüber hinaus unterstützt die Software bei der Verorterung der Polter, ist geeignet für alle praxisrelevanten Vermessungsverfahren und erleichtert die Übernahme der Daten in alle gängigen Forstinformationssysteme. ;;http://www.giscon.de/index.php/de/produkte/branchen/forst-und-landwirtschaft/promde;;;;;;;;;;;;;;
Mobile Holzdatenerfassung;STIHL Holzliste;Deutsch;Erfassen Sie mit der STIHL Holzliste App alle verkaufsrelevanten Daten von liegendem Holz;(1)Holz;Holz#da die App eine digitale Erfassung wichtiger Informationen des Stammes über Spracheingabe ermöglicht. Dadurch werden forstwirtschaftliche Arbeitsprozesse mit der digitalen Informationsbereistellung harmosiert und der Work Flow erleichtert. ;;https://www.stihl.de/de/technologie/smart-products-technologien/smarter-forst#holzliste;;;;;;;;;;;;;;
Mobile Holzdatenerfassung;TimberData;Deutsch;Die TimberData App ist die ideale Holzaufnahme-App für jeden Forstbetrieb, Forstbetriebsgemeinschaft oder WBV;(1)Holz,(2)Krankheitsregulation;Holz#weil die App bei der Rundholzaufnahme - Erfassen von Poltern und Lose unterstützt. Dabei entstehen zusammengefasste Holzlisten, die zusätzlich über Fotodokumentation, also dem Hinzufügen von Polterbildern ergänzt werden können.Krankheitsregulation#weil die App eine prozentuale Kalamitätserfassung ermöglicht und somit das quantitative Ausmaß von Käfer-, Trockenheits- und Windwurfschäden transparenter wird;;https://www.dekadata.de/holzaufnahme-app-mobil/;;;;;;;;;;;;;;
Mobile Holzdatenerfassung;WaldFliege;Deutsch;WaldFliege ist die bequeme Art, Holzdaten mit dem Smartphone oder Tablet aufzunehmen;(1)Holz;Holz#da die App Holzdaten über Tablet oder Smartphone aufnimmt und das Holzvolumen errechnet.;;http://www.inforst.de/de/apps/waldfliege/waldfliege-information.html;;;;;;;;;;;;;;
Mobile Holzdatenerfassung;Waldinfoplan Holzaufnahme;Deutsch;Aufnahme der gängigen Kubaturverfahren, Verortung der Polter;(1)Holz;Holz#da die App Polterkoordinaten mit GPS erfasst, Polterpositionen auf der Karte gesetzt/korrigiert werden können, Holzmengen mit den gängigen Kubaturverfahren erfasst werden und Polter nach verschiedenen Kriterien selektiert werden können. Darüber hinaus ermöglicht die App Übersichts- und Detailkarten für die Abfuhr des Holzes/der Polter.;;https://intend.de/produkte/;;;;;;;;;;;;;;
Mobile Holzdatenerfassung;WinforstPro™ Mobile Rundholz – NG;Deutsch;Von der Bereitstellungsmeldung, über die datenseitige Polter-Erfassung via GPS, bis hin zur strukturierten Lagerverwaltung von Rundhölzern;(1)Holz;Holz#weil die Software von der Bereitstellungsmeldung, über die datenseitige Polter-Erfassung via GPS, bis hin zur strukturierten Lagerverwaltung von Rundhölzern die Holzaufnahme digitalisiert und erleichtert.;;https://www.latschbacher.com/holzlogistik-software/winforstpro-mobile-2/;;;;;;;;;;;;;;
Mobile Holzdatenerfassung;Woodscout;Deutsch;Mobile Erfassung der Holzdaten mit Smartphone oder Tablet;(1)Holz;Holz#da mit der App im Wald die Holzdaten aufgenommen und zusammen mit Fotos und GPS-Koordinaten in einer Datenbank gespeichert werden können. Die Polterdaten können anschließend per Webservice direkt in die Datenbank oder per E-Mail auf den Rechner übertragen werden.;;http://www.wasp-logistik.de/apps.html;;;;;;;;;;;;;;
Navigation und Geographische Informationssysteme (GIS);3D ForstGIS;Deutsch;die QGIS Forst Cloud für die digitale Inventur, Planung und Kontrolle Ihres Forstbetriebes;(1)Holz;Holz# da es sich um ein Server gestütztes geographisches Informationssystem handelt, welches bei der Digitalsierung des Forstbetriebes hilft. Dies umfasst die Planung von Stichproben oder die digitale Vermessung von Einzelbäumen, so wie die statistische Auswertung der Bestandesdaten bis hin zur abschließenden Gestaltung der Forstbetriebskarte. Eine Besonderheit sind dabei die aus Laser-, Satelliten- und Luftbilddaten (Flugzeug oder Drohnen) erzeugten 3D Einzelbaum- und Bestandeshöhenmodelle, die zur Berechnung der Waldstruktur und der Vorräte genutzt werden können. ;;http://3dgis.landconsult.de/;;;;;;;;;;;;;;
Navigation und Geographische Informationssysteme (GIS);Avenza Maps®;Englisch;"Use Avenza Maps® on your mobile devices to locate yourself without the Internet or network connections; Speichern von Standorten incl. Beschreibungen";(1)Erholung und Ökotourismus,(2)Krankheitsregulation;Erholung und Ökotourismus#weil die App bzw. das built-in GPS in Kombination mit dem mobilen Endgerät das Lokaliseren auf einer beliebigen Karte auch offline ohne Netzverbindung zulässt. Dabei können Ortsmarken an dem jeweiligen Standort abgelegt werden, sowie Notizen und Fotos mit Geotags hinzufügt werden. Außerdem können Aktivitäten aufgezeichnet werden, sodass genau nachvollzogen werden kann, wie weit gelaufen, gewandert, gefahren oder geradelt wurde. Es entstehen somit zusätzliche Anreize für das Wahrnehmen sportlicher Aktivitäten rund um Wald und Natur.Krankheitsregulation# da die Charakteristika der App auch für die Ortung und Dokumentation von bspw. schädlingsbefallenen Bäumen genutzt werden können. Wird dies mit der Anwendung zur Freizeitgestaltung kombiniert, kann die App als eine Schnittstelle zwischen Erholungstourismus und Schädlingsmonitoring hervortreten.;;https://www.avenza.com/avenza-maps/;;;;;;;;;;;;;;
Navigation und Geographische Informationssysteme (GIS);Business Navigator;Deutsch;Navigation bis zum Holzpolter auf klassifizierten Forstwirtschaftswegen.;(1)Holz,(2)Krankheitsregulation ;"Holz#da das System Holzfuhrunternehmern bei der Umsetzung einer effizienteren Fahrzeitgestaltung und erleichterten Tourenplanung hilft; Landesforsten und Holzeinkäufer zu einer maximierten Personal-Produktivität und effizienten Arbeitsorganisation verhilft.Krankheitsregulation# weil eine effizientere Holzabfuhr eingeleitet wird.";;https://www.logiball.de/business-navigator-2/;;;;;;;;;;;;;;
Navigation und Geographische Informationssysteme (GIS);FelixTools;Deutsch;FelixTOOLS entwickelt Softwarelösungen für die Wertschöpfungskette Holz. Flexible IT-Tools vereinfachen die Verwaltung von der Holzernte bis zur Übernahme im Werk.;(1)Holz;Holz# da der strukturierte Datenaustausch die Prozesskette für Forstwirtschaft, Sägewerk/-Industrie und Logistik optimiert. FELIXTOOLS bündelt alle Daten und Dokumente zentral in einer Datenbank und fördert eine gemeinsame Datenkommunikation.;;https://felixtools.at/;;;;;;;;;;;;;;
Navigation und Geographische Informationssysteme (GIS);FoBIS;Deutsch;FoBIS, das Forstliche Basisinformationssystem der ForstGIS-Länderkooperation ist ein Geodatenmodell einschließlich der notwendigen Basispflegetools. Es bildet die forstliche Flächeneinteilung im Wald länderübergreifend ab und ermöglicht dem Nutzer die Datenpflege und -analyse mit Standardprodukten.;Alle;Ziel ist die Sicherstellung der nachhaltigen Nutzung des Waldes in all seinen Facetten., wobei ökologische, ökonomische und soziale Aspekte der Waldnutzung in Einklang gebracht werden sollen. dafür bedarf es es aktueller, belastbarer räumlicher Informationen, die an geeigneter Stelle in die forstlichen Planungsprozesse einfließen. Con terra unterstützet die Forst- und Holzwirtschaft sowie die weiteren Akteure bei der effektiven Gestaltung ihrer immer vielschichtiger werdenden Aufgaben im Waldmanagement durch eine umfassende Betreuung bei der Integration von GIS-Technologie in die jeweiligen forstlichen Prozesse. ;;https://www.conterra.de/maerkte/forst-und-holz;;;;;;;;;;;;;;
Navigation und Geographische Informationssysteme (GIS);HauRück-App;Deutsch;Unterstützt den Holzrücker beim Auffinden gefällter Baumstämme;(1)Holz,(2)Bodenbildung;Holz#da die kostenfreie Android-Anwendung HauRück-App den Holzrücker beim Auffinden gefällter Baumstämme unterstützt. Der Empfang der mit Holzmichel-App erfassten und Holzmichel-Manager verarbeiteten Daten erfolgt über die integrierte E-Mail-Funktion. Zu rückende Stämme, die in sog. Schnittstücken zusammengefasst werden, lassen sich über eine Liste oder - bei vorhandenen Standort-Koordinaten -- eine Karte durch einfaches Antippen entsprechend markieren. Auftragspositionen lassen sich jederzeit löschen. Alle in den Auftragspositionen für Holzfäller gesetzten Rettungspunkte und (Notfall)Kontakte stehen ebenfalls zur Verfügung.Bodenbildung#da der Boden durch eine effizientere Holzabfuhr weniger Störungen und Verdichtungen erfährt.;;http://www.eforst.de/produkte/haurueck-app/;;;;;;;;;;;;;;
Navigation und Geographische Informationssysteme (GIS);INTEND - Hilfe im Wald;Deutsch;"Die Rettungs-App für Android und iOS. Im Unglücksfall wird über die App ""Hilfe im Wald"" schnell der nächstgelegene Rettungstreffpunkt identifiziert und Feuerwehr, Polizei und Rettungsdienst an die entsprechende Stelle angefordert.";(1)Erholung und Ökotourismus;Erholung und Ökotourismus# weil die Rettungs-App für Android und iOS im Unglücksfall schnell den nächstgelegenen Rettungstreffpunkt identifiziert und Feuerwehr, Polizei und Rettungsdienst an die entsprechende Stelle anfordert. Diese zusätzliche Sicherheit kann sich ermutigend auf Erholungsaktivitäten in Wäldern auswirken. ;;http://www.intend.de/produkte/hilfe-im-wald/;;;;;;;;;;;;;;
Navigation und Geographische Informationssysteme (GIS);INTEND - Waldinfoplan;Englisch;MobileMap™ gives you command of your forest inventory program from planning to data delivery. With GIS functionality, efficient data collection, data validation, streamlined workflows, and improved information management, you can now collect quality inventory data utilizing low cost consumer mobile devices.;(1)Holz,(2)Krankheitsregulation ;Holz#da die App Polterkoordinaten mit GPS erfasst, Polterpositionen auf der Karte gesetzt/korrigiert werden können, Holzmengen mit den gängigen Kubaturverfahren erfasst werden und Polter nach verschiedenen Kriterien selektiert werden können.Krankheitsregulation#da die Polter effezient vorbereitet, erfasst und disponiert werden. Die beschleunigt somit die Abfuhr. Ein Zusammenhang der insbesondere auf Kalamitäten und Schadholz eine wichtige Rolle einnimmt - präventiv als auch auch regulierend.;;https://mobilemap.mbgapplications.com/;;;;;;;;;;;;;;
Navigation und Geographische Informationssysteme (GIS);INTEND - WebLine;Deutsch;Das Geoinformationssystem für die Forstwirtschaft stellt betriebliche Informationen für die Planung, das operative Geschäft und die Logistik zusammen;(1)Holz;Holz#da die App die mobile Holzerfassung und Warenwirtschaft erleichtert und unterstützt. Dafür stehen verschiedene Kubaturvefahren zur Verfügung, kostenfreie Karten zur Navigation und Selektionsmöglickeiten für eine allgemeine Auftragsübersicht. ;;http://www.intend.de/produkte/webline0/webline/;;;;;;;;;;;;;;
Navigation und Geographische Informationssysteme (GIS);NavLog;Deutsch;Die NavLog bietet Ihnen ein Geoinformationssystem (GIS) und einen Web Map Service (WMS) an, mit denen Sie die Informationen über die Befahrbarkeit von Waldwegen visualisieren können. Mit dem NavLog WebGIS können Sie Abfuhrkarten und andere thematische Karten erstellen, einfache Routen im Wald planen und Karten drucken. Der NavLog WMS kann in bestehende GIS-Anwendungen eingebunden werden.;(1)Holz,(2)Krankheitsregulation ;Holz#da das System Rationalisierungpotenziale innerhalb der Logistikketten födert und eine sinnvolle Navigation der Holztransportfahrzeuge zwischen Holzindustrie und Wald sicherstellt.Krankheitsregulation#da eine effizientere Holzabfuhr gefördert wird. Dies kann insbesondere bei schädlingsbefallenen Flächen sehr wichtig sein. ;;http://navlog.info/;;;;;;;;;;;;;;
Navigation und Geographische Informationssysteme (GIS);Open GPX Tracker;Deutsch;Erstellt GPS Pfade mit Wegpunkten;(1)Ortsbewusstsein, Erholung und Ökotourismus(2)Krankheitsregulation;"Ortsbewusstsein#da die App GPS-Tracks Wegpunkte erstellt und Offline-Kartenbereitgestellt werden, wodurch Orientierungshilfen bereitgestellt werden und eine bewusstere Erkundung der Umgebung unterstützt wird.
Erholung und Ökotourismus#weil die App als Orientierungshilfe Hürden abbaut die umliegende region zu erkunden und damit den Tourismus (Wandern, Fahrradfahren, ...)Krankheitsregulation#da die App über GPS-tracks die Positionen geschädigter und befallener Bäume transparenter werden lassen kann.";;https://apps.apple.com/de/app/open-gpx-tracker/id984503772;;;;;;;;;;;;;;
Navigation und Geographische Informationssysteme (GIS);QField;Englisch;QField - your mobile QGIS solution;(1)Holz(2)Krankheitsregulation;Holz#weil die App Forstunternehmen bei der Planung, Verwaltung und Überwachung ihrer Waldressourcen durch Integration von GIS-Daten durch mobile Datenerfassung und Analysefunktionen unterstützt. Krankheitsanalyse#weil die App als mobile QGIS Variante die Informationsübermittlung von Krankheiten und Kalamitäten beschleunigt.;;https://qfield.org/;;;;;;;;;;;;;;
Navigation und Geographische Informationssysteme (GIS);Terrain Navigator Pro;Englisch;A robust mapping platform combining built-in topographic maps and aerial photos with easy-to-use mapping tools;(1)Holz(2)Krankheitsregulation;Holz#da Terrain Navigator Pro eine robuste Kartierungsplattform darstellt, die integrierte topografische Karten und Luftbilder mit einfach zu bedienenden Kartierungswerkzeugen kombiniert. Das System erlaubt das Erstellen von Kartenprojekten, sowie kommentieren, bearbeiten, sammeln, importieren und exportieren von GIS-Daten.Krankheitsregulation#weil die die Informationsübermittlung von Krankheiten und Kalamitäten beschleunigt.;;https://www.terrainnavigator.com/;;;;;;;;;;;;;;
Navigation und Geographische Informationssysteme (GIS);TimberNav;Deutsch;TimberNav ist ein Navigations- und Logistiksystem für die Forstwirtschaft. Es ist im Führerhaus des LKW verbaut und bekommt Fuhraufträge aus der Zentrale per LogiPlan;(1) Holz;Holz#da viele Abläufe im Forstbetrieb unterstützt werden, wie z.B.:     Empfang von Fuhraufträgen via GPRS    Unterstützung für durch den Einkauf explizit vorgegebene An- und Abfahrtswege    Navigation auf Waldkarten zu einem Polter oder zu einer postalischen Adresse    Erfassung Lademenge    Erfassung Entladung    Elektronische Übermittlung des erfassenten Transportscheines an die Zentrale;;http://www.smartsoft.de/de/ProdukteTimberNav.html;;;;;;;;;;;;;;
Navigation und Geographische Informationssysteme (GIS);WaldKarte;Deutsch;WaldKarte verwendet Offline-Karten von OpenStreetMap und basiert auf dem Open Source Programm Mapsforge. WaldKarte ermöglicht Ihnen, Polter manuell zu setzen oder zu verschieben. In Kombination mit Waldfliege erhalten Sie umfassendes Werkzeug für die Holzaufnahme im Wald.;(1) Holz;Holz# da es bei der Verwaltung von Polter hilft;;https://www.inforst.de/de/apps/waldkarte/waldkarte-information.html;;;;;;;;;;;;;;
Navigation und Geographische Informationssysteme (GIS);WASP-Holzlogistik;Deutsch;Die Software von WASP Logistik bietet umfassende Lösungen für das Management und die Optimierung von Holzlogistikprozessen. Sie ermöglicht die Planung und Überwachung von Transporten sowie die Verwaltung von Lagerbeständen und die Abwicklung von Aufträgen in Echtzeit. Die Integration von Telematikdaten und die automatisierte Kommunikation mit Partnern verbessern die Effizienz und Transparenz entlang der gesamten Lieferkette.;(1) Holz;Holz# da bei dem Management und geholfen wird und Logistikprozesse optimiert werden können.;;https://www.wasp-logistik.com/holzlogistikPlanung und Verwaltung;ATES - WMS STK ;Deutsch;Automatische Erstellung von Standorttypen-Beschreibungen im Kontext der Standortkartierung Niedersachsen und Schleswig-Holstein;(1)Nährstoffkreislauf, Bodenbildung, Primärproduktion, Wasserregulation;Nährstoffkreislauf#da der Web-Dienst WMS STK einen Web-Map-Service für die Forstliche Standortskartierung bereitstellt. Die Bereitstellung der Layer erfolgt vorkonfiguriert in Gruppen, maßstabsabhängig und mit Symboli. Zentrale Gruppierungen für den Nährstoffkreislauf sind die Substrat- und Nährstoffgruppen.Wasserregulation#weil das System ebenso über Wasserhaushaltsgruppen verfügt.Bodenbildung#weil das System ebenso über Standortstypen, Substrate und Wuchsgebiete verfügt.Primärproduktion#weil die Software über die Standorteigenschaften auch Aussagen zu den Wuchsbedingungen bzw. der Primäproduktion zulässt.;;https://www.giscon.de/de/produkte/branchen/forst-und-landwirtschaft/ates/wms;;;;;;;
Planung und Verwaltung;Bell FBG;Deutsch;Verwaltungslösung für Forstbetriebsgemeinschaften;(1) Holz;Holz# Die Software von Wald-Software unterstützt die Holzproduktion durch eine effiziente Planung und Verwaltung von Forstbetrieben sowie die Optimierung von Prozessen wie Holzernte und Bestandsmanagement.;;https://wald-software.de/pc-loesungen/bell-fbg/;;;;;;;;;;;;;;
Planung und Verwaltung;Bell Wald;Deutsch;Bell Wald wurde konkret für die Anforderungen von Waldgenossenschaften entwickelt. Alle Verwaltungsaufgaben wie die Mitgliederverwaltung, die Führung des Lagerbuches oder des Flurstückverzeichnisses, die Einnahme-Überschussrechnung, automatisierte Ausschüttungen und einiges mehr können einfach und schnell erledigt werden.;(1) Holz;Holz# Die Software von Wald-Software erleichtert die Organisation und Verwaltung von Waldflächen durch Funktionen wie Bestandsdatenerfassung, Planung von Forstarbeiten und Analyse von Waldökosystemen.;;https://wald-software.de/pc-loesungen/bell-wald/;;;;;;;;;;;;;;
Planung und Verwaltung;com.LIVIS;Deutsch;Flurstücks- und Liegenschaftsverwaltung;(1)Holz;Holz#weil die Software die Informations- und Managementsoftware für die Bewirtschaftung und Entwicklung großer Flurstücksbestände in Land- und Forstwirtschaft  unterstützt. Es werden u.a. flurstücksbezogene Kosten-/Erlösumlagen durchgeführt, wobei insbesondere die Bereitstellung von Holzressourcen für forstwirtschaftliche Flurstücke von Bedeutung ist.;;https://www.comin.de/de/leistungen/comlivis;;;;;;;;;;;;;;
Planung und Verwaltung;CONNECTED FOREST™;Deutsch;Unsere CONNECTED FOREST™ Lösungen sind dazu da, die Produktivität zu verbessern und diverse forstwirtschaftliche Abläufe zu optimieren. Unser Portfolio umfasst Lösungen für den gesamten Rohstoffkreislauf: Planung, Verjüngung, Durchforstung, Ernte, Transport und Verarbeitung.;(1) Holz;Holz#Die Software unterstützt Forstunternehmen bei der Planung, Verwaltung und Überwachung ihrer Waldressourcen durch Integration von GIS-Daten, mobile Datenerfassung und Analysefunktionen.;;https://forestry.trimble.com/de/;;;;;;;;;;;;;;
Planung und Verwaltung;DSW2;Deutsch;DSW2 von ComIn ist eine Software für das Dokumentenmanagement und die digitale Archivierung. Mit DSW2 können Forstunternehmen ihre Dokumente digital erfassen, verwalten, bearbeiten und sicher archivieren. Die Software bietet Funktionen wie automatische Dokumentenerfassung, Texterkennung, Kategorisierung, Verschlagwortung, effiziente Suche und Integration in bestehende Systeme, um die Dokumentenprozesse zu optimieren und die Produktivität im Forstbereich zu steigern.;(1) Holz;Holz#Diese Software bietet umfassende Lösungen für die Forstwirtschaft, einschließlich Bestandsverwaltung, Planung von Forstarbeiten und Erfassung von Waldressourcen mittels fortschrittlicher Technologien wie GIS und IoT.;;http://www.dsw2.de/index.html;;;;;;;;;;;;;;
Planung und Verwaltung;Dynamic Forest;Deutsch;Mit der Dynamic Forest App haben Sie die aktuellsten Daten des Forstmanagements immer in der Hosentasche dabei. Über das einfache Filtern der Karten können GIS-Daten und Informationen über Arbeitsmaßnahmen einfach und übersichtlich dargestellt werden. Neue Kartenobjekte und Arbeitsaufträge sind mit wenigen Klicks im Wald angelegt und direkt mit allen berechtigten Mitgliedern des Betriebs geteilt.;(1) Holz;Holz#Die Software optimiert Forstbetriebe durch Funktionen wie Holzernteplanung, Auftragsverwaltung und digitale Bestandsaufnahme.;;https://www.ocell.io/dynamic-forest;;;;;;;;;;;;;;
Planung und Verwaltung;EuroForst;Deutsch;Dient der umfassenden Abwicklung aller Geschäftsvorfälle, die im Zusammenhang mit Rundholz anfallen;(1) Holz;Holz#Diese Software unterstützt die nachhaltige Bewirtschaftung von Wäldern durch Echtzeitüberwachung, Prognosemodellierung und Entscheidungsunterstützung für Forstbetriebe.;;http://www.dekadata.de/index.php?option=com_content&view=article&id=13&Itemid=104;;;;;;;;;;;;;;
Planung und Verwaltung;felixERNTE;Deutsch;Umfasst die laufende, digitale Rückmeldung und Abbildung der Holzernte und -bereitstellung in Echtzeit;(1) Holz;Holz#Die Software bietet Funktionen zur Verwaltung von Waldressourcen, Holztransport und Dokumentation von Forstarbeiten für eine effiziente Betriebsführung.;;https://www.felixsystems.at/felixtools/felix-ernte/;;;;;;;;;;;;;;
Planung und Verwaltung;felixFORST;Deutsch;Liefert auf Basis des Datenaustauschstandards FHPDAT detaillierte Informationen zu Abmaß, Stückzahl, Sortimentsverteilung, ggf. Ausformungsfehlern, sowie über Kosten, Erlöse, Inventuren u.v.m.;(1) Holz;Holz#Diese Softwarelösungen von Felix Systems erleichtern die Planung und Durchführung von Holzernte- und Forstarbeiten sowie die Verwaltung von Beständen und Aufträgen in der Forstwirtschaft.;;https://www.felixsystems.at/felixtools/felix-forst/;;;;;;;;;;;;;;
Planung und Verwaltung;FIP²;Deutsch;Ein Programm zur Verwaltung, zum Management und zur Analyse Ihrer Forstbetriebsdaten;(1) Holz;Holz#Die Software bietet umfassende Funktionen zur digitalen Verwaltung von Forstbetrieben, einschließlich Bestandsmanagement, Holzlogistik und Auftragsabwicklung.;;https://www.ogf.de/software/;;;;;;;;;;;;;;
Planung und Verwaltung;FOREST 3.0;Deutsch;In FOREST 3.0 verwalten Sie Ihre Hiebe mit allen angelegten Losen und erstellen Holzlisten von Stämmen, Pfählen und Schichtholz;(1) Holz;Holz#Die Software unterstützt Forstbetriebe bei der effizienten Verwaltung von Waldressourcen, Holzvermarktung und Dokumentation von Forstarbeiten.;;https://www.holdi.de/forstsoftware/;;;;;;;;;;;;;;
Planung und Verwaltung;Forest HQ;Englisch;Vermisst und bewertet den Wald und hilft bei der Verwaltung.;(1) Holz;Holz#Die Software bietet fortschrittliche Lösungen für die Überwachung und Optimierung von Forstbetrieben durch datengesteuerte Analysen, Fernerkundungstechnologien und Entscheidungsunterstützungssysteme.;;https://treemetrics.com/;;;;;;;;;;;;;;
Planung und Verwaltung;Forst Information Systems;Englisch;Web-based map solution containing everything from a spatial information database to online services and a user-friendly interface. It can be used with a browser without installation. ;(1) Holz;Holz#Diese Softwarelösung bietet umfassende Funktionen zur Verwaltung von Waldressourcen, Planung von Forstarbeiten und Integration von IoT-Technologien für eine effiziente Forstwirtschaft.;;https://bitcomp.com/forest-information-systems/;;;;;;;;;;;;;;
Planung und Verwaltung;Forst-Management-System;Deutsch;Mit dem Forst-Management-System können Sie Ihre vermessenen Daten ganz bequem und kostenlos online verwalten. Neben einer umfangreichen Holzinventur bietet das System eine Kartenfunktion und Möglichkeiten zur Rechnungsstellung sowie zur automatischen Berechnung von Holzpreisen.;(1) Holz;Holz#Die Software unterstützt Forstunternehmen bei der digitalen Erfassung von Waldressourcen, Planung von Forstarbeiten und Entscheidungsfindung durch Datenanalyse und Modellierung.;;https://fovea.eu/forest_management_system;;;;;;;;;;;;;;
Planung und Verwaltung;FwMobile;Deutsch;Das komplette mobile Informationssystem für draussen: immer dabei, online oder offline;(1) Holz;Holz# die Funktionen wie Holzabnahmen, Planungen und Arbeitsaufträge, Polter-Erfassung und integrierte Navigation helfen bei der Produkiton von Holz.;;https://forstware.de/fwmobile.html;;;;;;;;;;;;;;
Planung und Verwaltung;GeoMail;Deutsch;Auftragsmanagement und Logistik;(1)Holz;Holz#da das System die Polterverfolgung von der Planung bis ins Werk unerstützt und die forstwirtschaftlichen Arbeitsbereiche von der Natural- und Ernteplanung bis hin zum Werk abdeckt.;;https://forstware.de/geomail.html;;;;;;;;;;;;;;
Planung und Verwaltung;gl-forest forst;Deutsch;Arc-GreenLab bietet umfassende Leistungen im Bereich Forstbetrieb und Umwelt an. Zu den angebotenen Leistungen gehören unter anderem die Erstellung von Forsteinrichtungen und Betriebsplänen, die Durchführung von Waldinventuren und Bestandserfassungen sowie die Planung und Umsetzung von nachhaltigen Forstmaßnahmen.;(1)Holz,(2)Krankheitsregulation ;Holz#da das System beim erfassen, pflegen und nutzen der Naturaldaten und der damit verbundenen mittelfristigen Planung unterstützt. Weiterhin lassen sich mit dem System interaktiv Wirtschaftspläne auf Grundlage der Nutzungsplanung aufstellen und Holzerntemaßnahmen (interaktiv) auf der Karte planen. Neben dem festlegen von Polterplätzen, können Erntezeiträume, Erntemengen und Auftragnehmer über das System koordiniert werden.Krankheitsregulation#weil das System für das Erfassen von Ereignissen wie z.B. Schäden behilfreich ist und somit eine schnellere Entnahme von befallenen/geschädigten Bäumen ermöglicht. Dies kann auch die Kontrollen im Zuge der Verkehrssicherung deutlich erleichtern.;;https://www.arc-greenlab.de/geschaeftsfelder/forst-und-umwelt/forstbetrieb/;;;;;;;;;;;;;;
Planung und Verwaltung;HeProMo;Deutsch;Mit dem Holzernteproduktivitätsmodell HeProMo lassen sich einfach und rasch Zeitaufwand, Leistung und Kosten verschiedener Holzerntearbeiten berechnen;(1)Holz;Holz#da die das Holzernte-Produktivitäts-Modell HeProMo ein IT-gestütztes Modell zur Berechnung von Produktivität und Kosten verschiedener Holzernteprozesse ist. Mögliche Anwender sind Forstbetriebe, Forstunternehmer, Forstverwaltungen, forstliche Ausbildungsstätten sowie Wissenschaft und Forschung.;;https://www.wsl.ch/de/services-und-produkte/software-websites-und-apps/hepromo.html#tabelement1-tab1;;;;;;;;;;;;;;
Planung und Verwaltung;HOLZERNTE 8.2;Deutsch;"Liefert rechnergestützte Entscheidungshilfen für Holzernte und Holzvermarktung; Im Holzerntebetrieb dient es der Kalkulation von Hieben";(1)Holz,(2)Nährstoffkreislauf;Holz#da Holzernte 8.2 rechnergestützte Entscheidungshilfen für Holzernte und Holzvermarktung liefert und der Kalkulation von Hieben in Holzerntebetrieben dient. So lassen sich für konkrete Hiebe oder Modellhiebe bei entsprechender Kundennachfrage für unterschiedliche Sortimente und Arbeitsverfahren alternative Aushaltungskonzepte vergleichen und die für den Betrieb erlösoptimalen Lösungen finden. Die Anwendungsbereiche der Software für die jährliche Hiebs- und Sortenplanung umfassen dabei die Kalkulation des Zeitaufwands bei motormanueller Holzernte im Monatslohn, Erstellung regionaler Hiebssorten- und Bestandessortentafeln, Abtriebswertberechnung, Verkauf auf dem Stock.Nährstoffkreislauf#da die Software Informationen (Berechnung) zum Nährstoffentzug ausgibt.;;https://www.fva-bw.de/daten-tools/tools/programm-holzernte-82;;;;;;;;;;;;;;
Planung und Verwaltung;Holzmichel-Manager;Deutsch;Digitalen Erfassung der Aufträge in Form von Auftragspositionen;(1)Holz;Holz#da die Software bei der Verwaltung von Basisdaten wieStammdaten (Sicherheitshinweise, Auftraggeber, Käufer, Reviere/Abteilungen, Holzarten, Handelsklassen, Stärkeklassen, Kontakte, Rettungspunkte) unterstützt. ;;http://www.eforst.de/produkte/holzmichel-manager/;;;;;;;;;;;;;;
Planung und Verwaltung;Holzprogramm;Deutsch;Das Programm erstellt Holzlisten über Stämme, Abschnitte (auch in Mantelvermesssung) und Schichtholz nach den Richtlinien der RVR, dazu nach Bedarf auch Holzrechnung und Hauerlohn- und Rückerechnung.;(1)Holz;Holz#da das Programm auf Excel-Basis zur Auswertung der Holzaufnahme im Wald dient. Das Programm erstellt Holzlisten über Stämme, Abschnitte (auch in Mantelvermesssung) und Schichtholz nach den Richtlinien der RVR, dazu nach Bedarf auch Holzrechnung und Hauerlohn- und Rückerechnung.;;http://www.holzprogramm.de/;;;;;;;;;;;;;;
Planung und Verwaltung;Holzverwaltung Pro.Net;Deutsch;Holzlistenmanagement;(1)Holz;Holz#weil die Software eine schnelle Erfassung von Stammholzlisten und Schichtholzlisten ermöglicht (Holzlisten Management). Dazu gehören Stammholzlisten (Rundholzlisten), Schichtholzliste Sektionsmessverfahren, Schichtholzliste Mittendurchmesser Stichproben Verfahren, Schichtholzliste Stirnflächen Verfahren, Schichtholzliste Stangenholz, Schichtholzliste Mantelmessung.;;https://www.mbd-team.de/holzverwaltung-pro;;;;;;;;;;;;;;
Planung und Verwaltung;IFIS POLVER;Deutsch;Die dynamische Polterverwaltung IFIS POLVER unterstützt die Planung und Steuerung des Materialflusses vom Polter bis auf das Eingangslager im Werk;(1)Holz;Holz#weil das IFIS POLVER System zur dynamischen Verwaltung von Holzpoltern beiträgt. Es ermöglicht eine effiziente und kundengerechte Holzvermarktung und verbessert damit die Eigenwirtschaftlichkeit und Wettbewerbsfähigkeit der Holzproduktion. Die Polterverwaltung IFIS POLVER unterstützt die Planung und Steuerung des Materialflusses vom Polter bis auf das Eingangslager im Werk. Alle beteiligten Akteure werden über eine zentrale Datenbank miteinander verbunden. Poltererfassung, -sichtung und Poltermutation erfolgen je nach Anforderung und Arbeitsort des jeweiligen Akteurs über geeignete Benutzerschnittstellen.;;http://www.decotask.ch/produkte/forst.html;;;;;;;;;;;;;;
Planung und Verwaltung;INTEGRA®-Forst;Deutsch;INTEGRA®-Forst verbindet die oft individuellen Forstprozesse mit effizienten Industrieabläufen, stellt Buchungssicherheit her und arbeitet dabei einfach im Hintergrund;(1)Holz,(2)Nahrung;Holz#weil die Software verschiedene Holzaufnahmemöglichkeiten, die Holzmengenverwaltung, Verkaufsprozesse (Vertragsverkauf, POS, Anzahlungen und Bürgschaftskontrolle), Holzlogistik (Bahnverladungen und Speditionsaufträge) und das Natural-Controlling erleichtert. Dabei wird Kostenrechnung mit Natural-Controlling verbunden.Nahrung#weil die Software das Jagdmanagement inkl. Abschusspläne, Wilderfassung sowie IFS-konforme Wildvermarktung unterstützt.;;https://www.pascal.de/de/branchenloesungen/forstwirtschaft;;;;;;;;;;;;;;
Planung und Verwaltung;John Deere - TimberManager;Englisch;TimberManager bietet dem Geschäftsinhaber einen Blick auf den Arbeitsbereich;(1)Holz;"Holz#da das System die genauen Informationen über die Mengen auf dem Lagerplatz verbessert und somit den Ablauf des gesamten Lieferprozesses transparenter und reibungsloser gestaltet. Der Bericht gibt genaue Auskunft darüber, wie produktiv die Maschinen sind und der Unternhemer bekommt einen Echtzeit-Überblick über den Arbeitsfortschritt aller Arbeitsorte. Dabei hält das System u.a. Informationen fest über: Betriebsstunden; Kubikmeter gesamt; durchschnittliche Stammgröße; Anzahl der Stämme gesamt; Kubikmeter pro Stunde; Stämme pro Stunde...";;https://www.deere.de/de/forstmaschinen/timbermatic-karten--timbermanager/;;;;;;;;;;;;;;
Planung und Verwaltung;Linda Forest;Englisch;Linda Forest is a SaaS Platform providing market leading insights into forest inventories and carbon capture;(1)Holz,(2)Klimaregulation, Krankheitsregulation ;Holz#weil Linda Forest die Genauigkeit der Holzmassenvorhersage in stehenden Wäldern durch die Anwendung künstlicher Intelligenz (KI) auf Basis von Satelliten-, Geologie- und andere Daten, verbessert. Klimaregulation# da der gebundene CO2 genauer festgestellt und Änderugen akkurater aufgenommen werden können.Krankheitsregulation#eine exakte Identifizierung potenzieller Einkaufs- und Erntegebiete ermöglicht weniger Feldbesuche und hilft so, fundierte und zeitnahe Preisentscheidungen zu treffen. Es liefert genauere Versorgungsprognosen unter Berücksichtigung der Jahreszeiten und hilft, Wertverluste zu mindern, indem es Veränderungen und potenzielle Schäden im Wald verfolgt. ;;https://www.collectivecrunch.com/linda-forest-solutions/;;;;;;;;;;;;;;
Planung und Verwaltung;Logging Management;Estonisch;Provides overview of timber quantities in cutting area, and in storage area;(1)Holz;Holz#weil die die App bei als Übersicht zu den Schnittholzmengen und Lagerungskapizitäten beiträgt. ;;http://www.deskis.ee/;;;;;;;;;;;;;;
Planung und Verwaltung;LogiPlan;Deutsch;Logistiksystem für die Durchfühung von Rundholz-, Schüttgut- und Stückgut-Transporten;(1)Holz;Holz#da LogiPlan ein Logistiksystem für die Durchfühung von Rundholz-, Schüttgut- und Stückgut-Transporten ist. Eingehende Transportaufträge für zu transportierende Posten werden manuell erfasst oder elektronisch übernommen (Schnittstelle zu TimberPlan, CSV-Import, ...). Die einmal erfassten Aufräge können mit jeweils aktuellen Restmengen auf mobilen Endgeräten (z.B. Tablet-PC) visualisiert oder tour-genau disponiert und elektronisch an TimberNav oder YellowFox Endgeräte übertragen werden.;;http://www.smartsoft.de/de/ProdukteLogiPlan.html;;;;;;;;;;;;;;
Planung und Verwaltung;MBG Tools;Englisch;"Stand-based forest inventory data management; Setzt mehr auf qualifizierte Experten als auf Technik (weniger Interessasnt für uns)";-;-;;http://www.masonbruce.com/technology/mbg-tools/;;;;;;;;;;;;;;
Planung und Verwaltung;MW-Forst Manager 3.0;Deutsch;MW-Forst Manager 3.0 liefert Ihnen Echtzeitdaten von Ihren Einschlagsgebieten und erleichtern die Steuerung Ihrer Einsätze. Verfolgen Sie Produktivität, verbleibende Arbeitsfortschritte und -zeit, um den Einsatz Ihrer Flotte zu optimieren. Daten zum Produktionsstatus im Wald und am Polter vereinfacht die Arbeit des Auftragnehmers.;(1)Holz,(2)Krankheitsregulation ;Holz#da MW-Forst Manager 3.0 Echtzeitdaten von Einschlagsgebieten liefert und die Steuerung der Einsätze erleichtert. Produktivität, verbleibende Arbeitsfortschritte und -zeit können nachverfolgt werden um den Einsatz der Flotte zu optimieren. Daten zum Produktionsstatus im Wald und am Polter vereinfachen die Arbeit des Auftragnehmers.Krankheitsregulation#da optimierte und effiziene logistische Prozesse die Ausbreitung von Krankeiten in kalamitätsbeschädigten Wäldern reduzieren können.;;https://www.forstunternehmen-widiner.de/mw-forst-manager-3.0;;;;;;;;;;;;;;
Planung und Verwaltung;NetwakeVision System;Deutsch;Komplett digitales Forstbetriebsmanagement mit integriertem System;(1)Holz, Krankheitsregulation,(2)Bodenbildung;Holz#da das System hochgenaue, digitale Datenerfassung vom digitalen Auszeichnen bis hin zur Holzabfuhr ermöglicht. Es ermöglicht effiziente Verarbeitungsketten, sodass von der Einzel-Baumerfassung über die Einsatzplanung des forstwirtschaftlichen Unternehmers bis hin zur Polterabholung alle Prozesse in Echtzeit weitergeleitet und verarbeitet werden können.Krankheitsregulation# weil das System zu einer schnellen Kriseninterventionen durch Borkenkäferbefall beiträgt.Bodenbildung# durch die digital kartierte Holzabfuhr werden Rückegassen beibehalten und Vegation beeinträchtigende Bodenverdichtungen werden reduziert.;;https://netwakevision.com/einsatzbereiche/forstverwaltung/;;;;;;;;;;;;;;
Planung und Verwaltung;NutzungsPlaner;Deutsch;Mit dem NutzungsPlaner kann der Praktiker im Gelände auf seinem Smartphone oder Tablet die Nutzungsmassen einschätzen, die er in Rein- und Mischbeständen entnehmen sollte, wenn er den Bestand nach den neuen Empfehlungen der NW-FVA zur Grundflächenhaltung bei gestaffelter Hochdurchforstung bewirtschaften möchte;(1)Holz;Holz#da der NutzungsPlaner die Praktiker & Praktikerinnen im Gelände auf dem Smartphone oder Tablet hilft die Nutzungsmassen akkurater einzuschätzen, die in den Rein- und Mischbeständen entnommen werden sollten.;;https://play.google.com/store/apps/details?id=ftools.nutzung&hl=de;;;;;;;;;;;;;;
Planung und Verwaltung;Nutzungsplanung im Reinbestand;Deutsch;Eine Ertragstafelsammlung mit der Sie einen Bestand bonitieren, den Bestockungsgrad ermitteln und sich eine Nutzungsempfehlung für einen 10jährigen Planungszeitraum anzeigen lassen können;(1)Holz;Holz#weil die App über Ertragstafelsammlungen, Bonitierungen und Bestockungsgrade bei der Nutzungsempfehlung für einen 10-jährigen Planungszeitraum hilft.;;https://hljn.uber.space/wordpress/de/nutzungsplanung-im-reinbestand/;;;;;;;;;;;;;;
Planung und Verwaltung;proFBG;Deutsch;Schnelle, intuitive und strukturierte FBG-Verwaltung;(1)Holz,(2)Krankheitsregulation ;Holz#da die Software proFBG eine schnelle, intuitive und strukturierte FBG-Verwaltung (Forstbetriebsgemeinschaft) begünstigt. Die klassischen Vereinsprogramme sind meist nicht in der Lage, An- und Verkäufe zu verwalten oder geografische Bezüge darzustellen. Diese für forstliche Zusammenschlüsse und Vereinigungen schwierige Marktlage wurde durch die Software berücksichtigt. Mitglieder werden erfasst, Flächen zugewiesen, Karten digitalisiert, sowie Holzbuchführung und Flächenverwaltung verknüpft. Die Software legt automatisch Aufwände und Erträge, sowie Gebühren auf die Mitglieder um, liest Holzlose aus unterschiedlichsten Datenquellen ein, bildet Holzhandel, Agentur- oder Kommissionsgeschäfte ab und berücksichtigt unterschiedliche Umsatzsteuersätze in der Rechnungsstellung. Der Holzhandel wird für FBGs erleichtert.Krankheitsregualtion#da in der Vergangeheit häufig kleinteilige Flächen mit unterscheidlichen Besitzenden Herausforderungen bei Borkenkäfermanagement und Kalamitätsrisiko darstellten. Durch die Software werden FBGs gefördert und Flächen können effizienter bewirtschaftet werden. Auch was präventive Sicherheitsmaßnahmen bzgl. Krankheiten und Kalamitäten betrifft.;;http://www.giscon.de/index.php/de/produkte/branchen/forst-und-landwirtschaft/profbg;;;;;;;;;;;;;;
Planung und Verwaltung;proforst;Deutsch;Der entscheidende Schritt zu effizientem Forstmanagement;(1)Holz;Holz#da die Software insbesondere eine einheitliche und digitale Holzaufnahme unterstütz und in einer zentralen Datenbank hinterlegt. Auswertungswerkzeuge unterstützen dabei die strategische Unternehmensführung und ein effizient(er)es Forstmanagement.;;http://www.giscon.de/index.php/de/produkte/branchen/forst-und-landwirtschaft/proforst;;;;;;;;;;;;;;
Planung und Verwaltung;SilvaPRO™;Englisch;An enterprise resource planning system for managing forest planning tasks and harvesting service logistics;(1)Holz,(2)Krankheitsregulation, Primärproduktion;Holz#da SilvaPRO für die Planung von Forstarbeiten und Holzeinschlägen, sowie die Verwaltung der Logistik von Ernteservice verwendet werden kann. Es kann auch zur Aktualisierung von Kundenwaldplänen und Waldbestandsdaten verwendet werden. Krankheitsregulation#da eine effizente Logisitk erleichtert wird und Schadholz schneller abgeliefert werden kann.Primärproduktion#weil das System mittels Laserscanning Waldbestandsdaten für die Forstplanung erfasst und verwendet und Modelle zur Berechnung des Waldwachstums für die Ermittlung des Hiebsatzbedarfs aufstellt.;;https://www.silvapro.fi/;;;;;;;;;;;;;;
Planung und Verwaltung;SorSim;Deutsch;Sortierungssimulator;(1)Holz;Holz#weil die Software es ermöglicht, die Sortimente und ihre Mengen nach Baumarten abzuschätzen und daraus die zu erwartenden Holzerlöse zu ermitteln.;;https://www.waldwissen.net/technik/holzernte/kalkulation/wsl_sortierungssimulator/index_DE;;;;;;;;;;;;;;
Planung und Verwaltung;timberNet;Deutsch;Softwaresystem aus einzelnen Komponenten zur Verarbeitung und transparenten Darstellung aller forstfachlichen und betriebswirtschaftlichen Informationen im Forstbetrieb;(1) Holz;Holz# durch die Verarbeitung und Darstellung der Informationen im Forstbetrieb.;;https://timbernet.de/;;;;;;;;;;;;;;
Planung und Verwaltung;TimberPlan;Deutsch;TimberPlan ist eine integrierte Softwarelösung für den Rohholzhandel und die Beschaffung, die alle Prozesse vom Einschlag im Wald bis zur Fakturierung und Auswertung abdeckt. Sie ermöglicht die Verwaltung von Verträgen, Polterabnahme, Bestandsverwaltung und die Generierung von Transportaufträgen. Die Software nutzt OpenStreetMap, Logiball und PTV für eine präzise Kartendarstellung und ermöglicht effiziente Routenplanung mit TimberNav.;(1) Holz;Holz# Weil durch die Hilfe bei vielen Prozessen im Rohholzhandel, wie zum Beispiel der Verwaltung von Verträgen oder des Bestandes die Holzpproduktion optimiert werden kann.;;http://www.smartsoft.de/de/ProdukteTimberPlan.html;;;;;;;;;;;;;;
Planung und Verwaltung;Tree-Matic;Deutsch;Eine Software zur vollständigen Verwaltung von Forstbetrieben;(1) Holz;Holz# Da durch die Vereinfachung der Verwaltung im Forst die Holzproduktion optimiert werden kann.;;http://www.x-matic.com/produkte/;;;;;;;;;;;;;;
Planung und Verwaltung;TreePlotter™ Software Suite;Englisch;"Collect and manage data in real-time, anywhere, on any device; View, plan, and grow the urban forest with data analysis tools; Grow your business with online proposals, tree maps, and job scheduling; Map and inspect park assets, streamline work management operations";(1) Holz;Holz# Da durch die Kartierung und Hilfe beim Management  im Forst die Holzproduktion optimiert werden kann.;;https://planitgeo.com/treeplotter/;;;;;;;;;;;;;;
Planung und Verwaltung;treeva;Deutsch;Baum- und Einzelstammaufnahme sowie Poltervermessung und Verwaltung der Daten innerhalb eines Systems;(1) Holz;Holz# Durch die Verwaltung von Polter können Abläufe im Forst optimiert werden.;;https://treeva.de/;;;;;;;;;;;;;;
Planung und Verwaltung;VEROSIM;Deutsch;Verosim Solutions bietet eine Waldmanagement-Software, die verschiedene Funktionen zur effektiven Verwaltung von Wäldern bietet. Die Software ermöglicht die Erfassung von Waldinventardaten, die Planung und Umsetzung von Forstmaßnahmen sowie die Verwaltung von Ressourcen wie Holzvorräten und Einnahmen. Sie unterstützt auch bei der Erfassung von ökologischen Daten und der Berichterstattung über den Zustand des Waldes. Die Software bietet eine benutzerfreundliche Oberfläche und maßgeschneiderte Lösungen für unterschiedliche Anforderungen im Waldmanagement.;(1) Holz;Holz# Durch eine vielzahl an Funktionen kann die Organisation und Verwaltung von Forstbetrieben mit dieser Software optimiert und digitalisiert werden. ;;https://www.verosim-solutions.com/umwelt/waldmanagement/;;;;;;;;;;;;;;
Planung und Verwaltung;Waldinfoplan Warenwirtschaft;Deutsch;Waldinfoplan ist das Werkzeug der Wahl um die Kernprozesse des forstlichen Zusammenschlusses oder des Forstbetriebs mit den notwendigen Informationen und Karten bestmöglich zu unterstützen;(1) Holz;Holz# Da durch die Kartierung und Hilfe beim Management  im Forst die Holzproduktion optimiert werden kann.;;https://intend.de/produkte/;;;;;;;;;;;;;;
Planung und Verwaltung;Waldkat Web;Deutsch;Ein webbasiertes System für die Forsteinrichtung, die Naturaldatenhaltung und die mittelfristige Forstbetriebsplanung;(1) Holz;Holz# Da durch die Vereinfachung der Planung im Forst die Holzproduktion optimiert werden kann.;;https://waldkat-web.de/waldkat_web/MainForm.wgx;;;;;;;;;;;;;;
Planung und Verwaltung;WaldKladde;Deutsch;Die WaldKladde ist eine benutzerfreundliche Software für das Waldmanagement, ohne grafische Darstellung, aber mit umfassender Dokumentation und tabellarischen Übersichten. Sie ermöglicht die Planung waldbaulicher Maßnahmen, die dynamische Fortschreibung von Inventurdaten und flexible Anpassungen an regionale Gegebenheiten. Sie ist vor allem für den Kleinstprivatwald konzipiert;(1) Holz;Holz# Die WaldKladde kann vor allem kleineren Waldbesitzern bei der Verwaltung des Waldes helfen.;;https://hljn.uber.space/wordpress/de/waldkladde-dynamisches-betriebswerk-fuer-den-kleinprivatwald/;;;;;;;;;;;;;;
Planung und Verwaltung;Waldplaner;Deutsch;Der WaldPlaner ist eine Software, die Funktionen zur Unterstützung des Waldmanagements bietet. Mit dieser Software können Waldbesitzer und Förster verschiedene Aufgaben im Zusammenhang mit der Waldbewirtschaftung durchführen. Dazu gehören die Erfassung und Verwaltung von Walddaten, die Erstellung von Waldinventuren und -bewirtschaftungsplänen, die Planung von Holzeinschlägen und die Berechnung von Holzvorräten. Der WaldPlaner ermöglicht eine effiziente und präzise Planung und Analyse von Forstmaßnahmen, um die Nachhaltigkeit und Rentabilität der Waldbewirtschaftung zu verbessern.;(1) Holz;Holz# Da durch die Vereinfachung der Erfassung und Verwaltung im Forst die Holzproduktion optimiert werden kann.;;https://www.nw-fva.de/veroeffentlichen/software/waldplaner;;;;;;;;;;;;;;
Planung und Verwaltung;WASP Holzlogistik;Deutsch;Modular erweiterbare und einfach zugängliche Logistiksoftware auf Basis modernster Cloud Technologie;(1) Holz;Holz# Da durch die Vereinfachung der Logistik im Forst die Holzproduktion optimiert werden kann.;;http://www.wasp-logistik.de/produkte.html;;;;;;;;;;;;;;
Planung und Verwaltung;WinforstPro™;Deutsch;WinforstPro™ bietet flexible Softwarelösungen für die Forst- und Holzindustrie, einschließlich maßgeschneiderter Gesamtkonzepte, die von erfahrenen Projektleitern betreut werden. Diese Lösungen integrieren bestehende Komponenten speziell für die Anforderungen der Kunden und decken eine Vielzahl von Funktionen ab, von der Holzeinnahme bis zur Zeit- und Belegerfassung für Landesforstverwaltungen sowie von der Logistik bis zur Kommunikation für die Holzindustrie.;(1) Holz;Holz# Da durch die Vereinfachung der Prozesse im Forst die Holzproduktion optimiert werden kann.;;https://www.latschbacher.com/holzlogistik-software/projekte_winforstpro/;;;;;;;;;;;;;;
Planung und Verwaltung;WOOD.IN.VISION;Deutsch;WOOD.IN.VISION führt alle Prozesse und Teilnehmer der Forst-Holz-Produktionskette in einem System zusammen. Dadurch bietet WOOD.IN.VISION die vollständige Auftragsplanung, -abwicklung und -steuerung.;(1) Holz;Holz# Da durch die Vereinfachung der Prozesse im Forst die Holzproduktion optimiert werden kann.;;https://wood-in-vision.com/;;;;;;;;;;;;;;
Planung und Verwaltung;WSL FORTE;Deutsch;Dieses Tool ermöglichen es, Echtzeitdaten über Wasserstress, Wachstum, Entlaubung und Lebensraumeignung von Bäumen zu visualisieren und zu analysieren.;(1) Krankheitsregulation;Krankheitsregulation# Durch die Überwachung kann frühzeitiger eingegriffen werden. Auch kann durch die vorherige Prüfung der Eignung eventuell Krankheiten präventiv verhindert werden.;Schweiz;https://www.wsl.ch/de/services-produkte/forte-app-online-tools-fuer-die-waelder-von-heute-und-morgen/;;;;;;;;;;;;;;
Planung und Verwaltung;Waldinfo.nrw;Deutsch;Waldinfo.NRW fasst Waldinformationen aus Nordrhein-Westfalen für Sie in einer interaktiven Kartenanwendung zusammen.;(2) Ortsbewusstsein;Ortsbewusstsein#Kann bei der Lokalisierung und Nutzung bestimmter Flurstücke helfen sowie über wichtige Orte in der Umgebung aufklären (z.B. Naturschutzgebiete);;https://www.waldinfo.nrw/;;;;;;;;;;;;;;
Sonstiges;WaldExpert;Deutsch;Mobiles Informationssystem für Waldbesitzende in BaWü;(2) Ortsbewusstsein;Ortsbewusstsein#Kann bei der Lokalisierung und Nutzung bestimmter Flurstücke helfen.;Baden-Würtemberg;https://waldexpert.waldportal-bw.de/de;;;;;;;;;;;;;;
Sonstiges;WaldApp;Deutsch;Diese App bietet kurze Artikel mit Bildern und Videos sowie Quizze;(1) Bildung;Bildung# Die App bietet Quizze, Videos und Bilder rund um den Wald;;https://waldapp.fiedl.net/;;;;;;;;;;;;;;
Sonstiges;Alle Bäume Deutschland;Deutsch;Bestimmung von heimischen Gehölzarten sowie Parkbäume und Ziersträucher Deutschlands durch das Vergleichen von Bildern;(1) Bildung;Bildung#da dem Nutzer Informationen zu Pflanzen im Wald geboten werden und sie beim identifizieren lernen als Kontrolle helfen kann.;;https://apps.apple.com/de/app/alle-b%C3%A4ume-deutschland-1000-arten-bestimmen/id1134517855;;;;;;;;;;;;;;
Sonstiges;FloraIncognita;Deutsch;Hilft bei der Bestimmung von Bäumen, Sträuchern und Wildblumen mithilfe von Handyfotos;(1) Bildung;Bildung#da dem Nutzer Informationen zu Pflanzen im Wald geboten werden und sie beim identifizieren lernen als Kontrolle helfen kann.;;https://floraincognita.com/;;;;;;;;;;;;;;
Sonstiges;Waldfibel;Deutsch;Die App ist die multimediale Aufbereitung der Waldfibel und ermöglicht einen spielerischen Zugang zu den Inhalten wie z.B. Wissen rund um den Wald und seine Bewohner und Hinweise, wie wir uns im Wald richtig verhalten.;(1) Bildung;Bildung# Die App bietet Wissen rund um den Wald und lehrt wie man sich im Wald zu verhalten hat.;;https://www.bmel.de/DE/themen/wald/wald-in-deutschland/wald-app.html;;;;;;;;;;;;;;
Sonstiges;Wolfsmeldungen Niedersachsen;Deutsch;Die App ist eigens dafür entwickelt worden, Wolfshinweise im Feld aufnehmen zu können;(2) Genetische Vielfalt;Genetische Vielfalt#Durch die Hilfe beim Wolfsmonitoring;;https://www.wolfsmonitoring.com/app;;;;;;;;;;;;;;
Sonstiges;wuidi;Deutsch;"Warnung vor Wildwechsel und Hilfe bei der Abwicklung von Unfällen mit Wildtieren; Jäger können Stellen mit viel Wildwechsel eintragen und Autofahrer werden gewahnt und können Wildunfälle abwickeln";-;-;;https://wuidi.com/index.html;;;;;;;;;;;;;;
Sonstiges;BaEm (mobile);Deutsch;Mit BaEm werden klimaangepasste Baumartenempfehlungen für Waldstandorte zur Verfügung gestellt. ;(1) Holz(2) Klimaregulation;Holz#Es werden Klimaangepasste Baumarten empfohlen, welche die Holzversorgung sicher stellen sollen.Klimaregulation#Durch die angepassten Sorten wird das lokale Klima gesichert.;Hessen, Sachen-Anhalt;https://www.nw-fva.de/veroeffentlichen/software;;;;;;;;;;;;;;
Sonstiges;BirdNET;Deutsch;Eine App um Vogelstimmen aufzuzeichnen, zu bestimmen und mehr über die Vögel zu erfahren;(1) Bildung;Bildung#da dem Nutzer Informationen zu Vögeln im Wald geboten werden und sie beim identifizieren lernen als Kontrolle helfen kann.;;https://birdnet.cornell.edu/;;;;;;;;;;;;;;
Planung und Verwaltung;BayWIS- Bayerisches Wald-Informationssystem;Deutsch;"BayWIS stellt umfangreiche Geo- und Sachinformationen für Auskunft, Planung und Analyse bereit; insgesamt über 100 Datenthemen, z.B. die „Forstliche Übersichtskarte“, die „Baumarteneignungskarte“ oder die „Waldfunktionskarte“.Fachanwendungen ermöglichen und gewährleisten das qualitätsgesicherte Erfassen von Geo- und Sachdaten, z.B. für das „Forstliche Gutachten zur Situation der Waldverjüngung“, das „Waldschutzmeldewesen“ oder die „Rettungskette Forst“.Die erfassten Daten werden in einer zentralen Datenhaltung zusammengeführt und können so verwaltungsweit in Arbeitsabläufe integriert werden.";(1) Holz(2) Erholung und Ökotourismus;Holz# Durch die Bereitstellung forstwirtschaftlicher Karten, zB zur Baumeignung, können Holzerträge verbessert werden.Erholung und Ökotourismus# Durch die Rettungskette Forst wird dabei geholfen den Ökotourismus sicherer zu machen.;;https://www.lwf.bayern.de/informationstechnologie/baywis/index.php;;;;;;;;;;;;;;
Sonstiges;Wald Wiki Meldesystem;Deutsch;Stürme, Dürren, Brände und massenhafte Vermehrung von baumschädlichen Insekten: Der Klimawandel bringt große Herausforderungen für den Wald und seine Besitzer mit sich. Unser WALD-WIKI-Meldesystem ermöglicht es Ihnen daher, schnell und einfach Schäden und Störungen im Wald zu melden. Hierdurch tragen Sie zu einer verbesserten Risikovorsorge bei.;(1) Krankheitsregulation(2) Bildung;Krankheitsregulation#Durch das Melden von Krankheiten können diese bekämpft werden.Bildung#Die in der App arbeitet mit der Forschung zusammen.;;https://wald-wiki.de/funktionen/meldesystem/start;;;;;;;;;;;;;;
Sonstiges;Wald Wiki;Deutsch;Wald-wiki.de ist eine Plattform für den Wissensaustausch und die Vernetzung von Waldbesitzern und Forstwirtschaftsinteressierten. Es bietet Informationen zu Themen wie Klimawandel und Forstwirtschaft, Betriebswirtschaft, Recht, Politik und die Beziehung zwischen Wald und Gesellschaft. Die Website enthält auch Foren für Diskussionen und ein Meldesystem für die Erfassung von Waldschäden. Das Ziel ist der Schutz und Erhalt des Waldes sowie der Wissenstransfer zwischen Forschung und Praxis in der Forstwirtschaft.;-;-;;https://wald-wiki.de/;;;;;;;;;;;;;;
Sonstiges;ZE-Insekt;Deutsch;App der Bayrischen Staatsforsten zur Dokumentation von Käferbefall und Weitergabe der entsprechenden Daten, eingebettet in IT Infrastruktur der BaySF. Unklar ob noch verfügbar, und sowieso nicht öffentlich zugänglich.;(1) Krankheitsregulation(2) Holz;;;https://www.forstpraxis.de/borkenkaefer-app-der-baysf-ernsthaft-20693;;;;;;;;;;;;;;
Planung und Verwaltung;Försterfinder;Deutsch;Zuständigen Förster finden im bayerischen Wald;-;-;Bayern;https://www.waldbesitzer-portal.bayern.de/025776/index.php?searchfield=Gemeinde&type=text&search=true;;;;;;;;;;;;;;
Sonstiges;Arbofux;Deutsch;Datenbank zu Identifizierung von Schädlingen, Krankheiten und Lästlinge an Laub und Nadelgehölzen sowie Bodendeckern, für öffentliche Wälder, Privatzgarten, Baumschule;(1) Bildung, Krankheitsregulation(2) Holz, Ästhetic;Bildung#klärt Nutzer über die verschiedenen Arten von Krankheiten und Schädlingen auf.Krankheitsregulation#Hilft bei der Bekämpfung von Schädlingen und Krankheiten.Holz#Durch die richtige Bekämpfung von Schädlingen und Krankheiten kann die Holzproduktion verbessert werden.Ästhetik#Die Datenbank kann auch zur Bekämpfung von Schädlingen und Krankheiten in privaten oder öffentlichen Gärten genutzt werden, welche die Ästhetic verbessern.;;https://www.arbofux.de/index.html;;;;;;;;;;;;;;
Planung und Verwaltung;FwFLur;Deutsch;Fachdatenbank zur Verwaltung von Flurstücksdaten und deren Parzellen;(1) -(2) Ortsbewusstsein;Ortsbewusstsein#Kann bei der Lokalisierung bestimmter Flurstücke helfen.;;https://forstware.de/flur-db.html;;;;;;;;;;;;;;
Planung und Verwaltung;inv-db;Deutsch;Fachdatenbank zur Speicherung, Bearbeitung und Auswertung von InventurdatenSie wurde auf der Basis der forstware datenbanken entwickelt. Einsatzschwerpunkte der inv-db sind Folge- und Großrauminventuren sowie die rationelle Vorbereitung der Forsteinrichtung;(1) Holz;Holz#da bei der Inventur von Forstbetrieben geholfen werden kann;;https://forstware.de/inv-db.html;;;;;;;;;;;;;;
Planung und Verwaltung;fe-db;Deutsch;Fachdatenbank auf Grundlage der forstware datenbanken zur Erstellung von Revierbüchern, Betriebsblättern und Auswertungen zum Betriebswerk der Forsteinrichtung;(1) Holz;Holz#da bei der Inventur von Forstbetrieben geholfen werden kann;;https://forstware.de/fe-db.html;;;;;;;;;;;;;;
Planung und Verwaltung;pia;Deutsch;Pia bietet die komplette Funktionalität von der Kartenerstellung bis zur Kartenausgabe;;;;https://forstware.de/pia.html;;;;;;;;;;;;;;
Sonstiges;Diagnose Online (Waldschutz Schweiz);Deutsch;Das Diagnose-Programm von Waldschutz Schweiz hilft Ihnen bei der Bestimmung von Wald- und Baumschäden.;(1) Krankheitsregulation;Krankheitsregulation#Durch die Diagnose von Schäden können Krankheiten effektiv bekämpft werden.;Schweiz;https://waldschutz.wsl.ch/de/diagnose-und-beratung/diagnose-online.html;;;;;;;;;;;;;;
Sonstiges;SDIS;Deutsch;Diagnosesystem für schäden an Waldbäumen;(1) Krankheitsregulation;Krankheitsregulation#Durch die Diagnose von Schäden können Krankheiten effektiv bekämpft werden.;;https://bfw.ac.at/ws/sd.web;;;;;;;;;;;;;;
Sonstiges;IQ Firewatch;Deutsch;System zur automatischen Erkennung von Waldbränden;Alle;Alle#Durch den Schutz des Waldes vor Bränden werden alle vom Wald geleisteten Ökosystemleistungen aufrecht erhalten.;;https://www.digitalmagazin.de/marken/afz-derwald/hauptheft/2023-7/aktuell-bund-lander/006_waldbrandfrueherkennung-in-echtzeit;;;;;;;;;;;;;;
Planung und Verwaltung;Thünen WaldAtlas;Deutsch;Datensätze, Karten, Atlanten und Dokumnente des Thüneninstituts zum zustand des Waldes inkl. Karten zum Holzvorrat und Kohlenstoffspeicherung;;;;https://atlas.thuenen.de/atlanten/waldatlas;;;;;;;;;;;;;;
Erfassung, Vermessung und Berechnung;iNaturalist;Deutsch;iNaturalist ist eine Online-Plattform oder App, die eine Community zur gemeinsamen Nutzung von Biodiversitätsinformationen fördert. Mit seinem nutzergenerierten Artidentifikationssystem und Aufzeichnungstool ermöglicht es den Benutzern, zu den gemeinsamen Daten beizutragen und daraus zu lernen. Im Wesentlichen ermöglicht die Plattform den Zugang zu Biodiversitäts Informationen und verwandelt individuelle Beobachtungen in eine globale Biodiversitätskarte.;(1) Bildung;Bildung#da dem Nutzer Informationen zu Pflanzen im Wald geboten werden und sie beim identifizieren lernen als Kontrolle helfen kann. Weiterhin werden die gesammelten Daten Forschern zur Verfügung gestellt.;;https://inaturalist.org/;;;;;;;;;;;;;;
Navigation und Geographische Informationssysteme (GIS);Intend Waldinfoplan (WIP);Deutsch;GIS System, online und offline, zur Planung von Maßnahmen und Einschlägen, Pflege- und Saatmaßnahmen, Koordinaten erfassen zB von Poltern, Holzmengen, etc. ;(1) Holz;Holz#da bei der Planung von Maßnahmen und der Erfassung von Daten, wie z.B. Poltern und Holzmengen, geholfen wird.;;https://www.intend.de/produkte/waldinfoplan.html;;;;;;;;;;;;;;
Holzvermarktung;Intend Warenwirtschaft;Deutsch;Modul von Waldinfoplan;(1) Holz;Holz#da bei der Planung von Maßnahmen und der Erfassung von Daten, wie z.B. Poltern und Holzmengen, geholfen wird.;;https://www.intend.de/produkte/warenwirtschaft.html;Intend DIWIMA Jagdmodul;Deutsch;Bei der Jagd läuft alles über Zettelwirtschaft. Man muss angeben, wer wo was geschossen hat. DIWIMA erstellt eine phyische Marke mit App. Wenn man ein Tier geschossen hat macht man eine Marke dran und einen Eintrag in der App. So sind alle notwendigen Daten digital verfügbar. ;(1) Nahrung;Nahrung#Vereinfacht die Bürokratischen Hürden bei der Jagd;;https://www.intend.de/produkte/diwima-jagdmodul.html;;;;;;;
Navigation und Geographische Informationssysteme (GIS);Intend Webline;Deutsch;browserbasiertes GIS System, Austausch mit Webline für Mobil und Windows;(1) Holz;Holz# da bei Organisation der Wertschöpfung im Forst geholfen wird.;;https://www.intend.de/produkte/webline.html;;;;;;;;;;;;;;
Erfassung, Vermessung und Berechnung;DFWR Klimarechner;Deutsch;Klimaschutzleistungen auf der Basis vorhandener Forsteinrichtungsdaten abschätzen: Das vom DFWR entwickelte kostenlose Berechnungstool hilft Forstbetrieben, die Speicherleistung ihres Waldes, der Holznutzung und der daraus resultierenden stofflichen und energetischen Substitutionseffekte abzuschätzen.;(1) Klimaregulation;Klimaregulation#Das Tool berechnet die CO2-Speicherung von Forsteinrichtungen;;https://www.dfwr.de/download/dfwr-klimarechner-zur-klimaschutzleistung-von-forstbetrieben/;;;;;;;;;;;;;;
Sonstiges;Forest Watcher;Deutsch;Die Forest Watcher Mobile App bringt die dynamischen Online-Waldüberwachungs- und Warnsysteme von Global Forest Watch offline und ins Feld. Überwachen Sie Gebiete von Interesse, sehen Sie sich Entwaldungs- und Brandwarnungen an, navigieren Sie zu einem bestimmten Punkt und sammeln Sie Informationen unabhängig von der Konnektivität.;Alle;Alle#Durch den Schutz des Waldes vor Bränden werden alle vom Wald geleisteten Ökosystemleistungen aufrecht erhalten.;;https://forestwatcher.globalforestwatch.org/;;;;;;;;;;;;;;
Navigation und Geographische Informationssysteme (GIS);ForstMonitor;Deutsch;Abruf von Walddaten auf Basis von Fernerkundungsdaten;-;-;;https://forst-monitor.de/;;;;;;;;;;;;;;
Sonstiges;iWald;Deutsch;Vergleich waldbaulicher Behandlungskonzepte durch Simulation von Wachstumsprozessen;(1) Bildung;Bildung#die App hilft kleinstprivatwaldbesitzern dabei Handlungsalternativen zu finden und analysiert Daten um verschiedene Verfahren vergleichen zu können;;https://kwf2020.kwf-online.de/portfolio/iwald/;;;;;;;;;;;;;;
Navigation und Geographische Informationssysteme (GIS);Komoot;Deutsch;Komoot ist eine Routenplanungs- und Navigations-App. Es ermöglicht Ihnen, Routen auf Ihrem Handy oder Computer zu planen und generiert Routen basierend auf Fahrttyp, Oberfläche und Fahrerfähigkeit. Es ist ein Routenplaner, eine Navigations-App, ein Tourenverzeichnis und ein soziales Netzwerk für Outdoor-Aktivitäten.;(1) Erholung und Ökotourismus;Erholung und Ökotourismus#da dem Nutzer dabei geholfen wird den Wald Freizeitaktivitäten, wie zum Beispiel Wanderungen oder Radtouren  zu Nutzen;;https://www.komoot.de/;;;;;;;;;;;;;;
Navigation und Geographische Informationssysteme (GIS);Outdooractive;Deutsch;Outdooractive ist eine App für Outdoor-Aktivitäten. Es bietet Tourenbeschreibungen, Hütteninformationen, Berichte über aktuelle Tourenbedingungen sowie Wetter- und Lawineninformationen. Mit dem Tourenplaner können Sie ganz individuell Ihr Tourenziel erreichen.;(1) Erholung und Ökotourismus;Erholung und Ökotourismus#da dem Nutzer dabei geholfen wird den Wald Freizeitaktivitäten, wie zum Beispiel Wanderungen oder Radtouren  zu Nutzen;;https://www.outdooractive.com/de/;;;;;;;;;;;;;;
Navigation und Geographische Informationssysteme (GIS);Alpenvereinaktiv;Deutsch;Alpenvereinaktiv ist das Tourenportal der Alpenvereine DAV, ÖAV und AVS. Es bietet Tourenbeschreibungen für Wanderungen, Berg-, Kletter- oder Skitouren sowie Informationen zu Hütten, Wetter und Lawinenlage. Mit dem Tourenplaner können Sie individuell eigene Touren planen.;(1) Erholung und Ökotourismus;Erholung und Ökotourismus#da dem Nutzer dabei geholfen wird den Wald Freizeitaktivitäten, wie zum Beispiel Wanderungen oder Radtouren  zu Nutzen;Alpen;https://apps.apple.com/de/app/alpenvereinaktiv/id1437137846;;;;;;;;;;;;;;
Navigation und Geographische Informationssysteme (GIS);AllTrails;Deutsch;AllTrails ist eine Fitness- und Reise-App für Outdoor-Aktivitäten wie Wandern, Mountainbiken, Klettern und Schneesportarten. Die App ermöglicht den Zugriff auf eine Datenbank von Wanderkarten, die auch von Nutzern erstellte Bewertungen und Bilder enthält.;(1) Erholung und Ökotourismus;Erholung und Ökotourismus#da dem Nutzer dabei geholfen wird den Wald Freizeitaktivitäten, wie zum Beispiel Wanderungen oder Radtouren  zu Nutzen;;https://www.alltrails.com/de/;;;;;;;;;;;;;;
Navigation und Geographische Informationssysteme (GIS);Bergfex;Deutsch;Mit über 100.000 Routen bietet sie detaillierte topografische Karten, einen Routenplaner, präzises GPS-Navigation und Tracking. Nutzer können persönliche Touren erstellen, Aktivitäten aufzeichnen, Fitnessdaten überwachen und von erweiterten Funktionen wie Geländewarnungen und Offline-Karten profitieren. Ein kostenpflichtiges PRO-Abonnement bietet zusätzliche Features wie detailliertere Karten, Geländeanzeigen, offizielle Wanderkarten und mehr, während die App ohne Werbung und mit verschiedenen Synchronisierungsoptionen kommt.;(1) Erholung und Ökotourismus;Erholung und Ökotourismus#da dem Nutzer dabei geholfen wird den Wald Freizeitaktivitäten, wie zum Beispiel Wanderungen oder Radtouren  zu Nutzen;;https://www.bergfex.de;;;;;;;;;;;;;;
Sonstiges;iForest;Deutsch;Eine App zur Bestimmung von Pflanzen im Wald. Die App beinhaltet über 2000 Bilder, Steckbriefe zu jeder Pflanze und ein Baumhoroskop;(1) Bildung, Spiritueller und Religiöser Nutzen;Bildung#da dem Nutzer Informationen zu Pflanzen im Wald geboten werden und sie beim identifizieren lernen als Kontrolle helfen kann.Spiritueller und Religiöser Nutzen#aufgrund des Baumhoroskops;;https://apps.apple.com/de/app/iforest-b%C3%A4ume-und-str%C3%A4ucher/id371638804;;;;;;;;;;;;;;
Sonstiges;iPflanzen;Deutsch;Bestimmen Sie treffsicher Pflanzen aus Garten, Park, Wald und Heim mit der Gratisanwendung iPflanzen. Rund 1500 Pflanzen stehen für die Bestimmung zur Verfügung. Die mögliche Auswahl wird mit Bild, deutschem und dem wissenschaftlichen Namen angezeigt.;(1) Bildung;Bildung#da dem Nutzer Informationen zu Pflanzen im Wald geboten werden und sie beim identifizieren lernen als Kontrolle helfen kann.;;https://www.igarten.ch/ipflanzen/;;;;;;;;;;;;;;
Sonstiges;Baum-App;Deutsch;Unsere Baumbestimmung Apps sollen helfen einen Baum schnell und sicher, bestimmen zu können. Kriterien der Baumbestimmung sind z.B. Blätter, Knospen, Früchte oder auch Baumpilze;(1) Bildung;Bildung#da dem Nutzer Informationen zu Pflanzen im Wald geboten werden und sie beim identifizieren lernen als Kontrolle helfen kann.;;https://www.baumapp.de/;;;;;;;;;;;;;;
Planung und Verwaltung;FF.ai Decision Support System;Deutsch;Das FutureForest Decision-Support-System (FF.ai DSS) soll den Nutzenden mithilfe von KI auf ihren lokalen Waldbestand angepasste, nachvollziehbare Handlungsempfehlung für einen klimaangepassten Waldumbau bereitstellen.;(1) Holz;Holz# Mithilfe von KI soll kleineren Betrieben bei der Entscheidungsfindung im Forst geholfen werden;;https://future-forest.eu/innovationen/decision-support/;;;;;;;;;;;;;;
Planung und Verwaltung;EDE4.0;Deutsch;EDE4.0 hilft Förstern mithilfe von KI die richtigen Entscheidungen zu treffen.;(1) Holz;Holz# Weil durch das Vorhersagen von z.B. Dürren die Ausfälle bei der Holzproduktion reduziert werden sollen;;https://ede4.0.edi.gmbh/de/;;;;;;;;;;;;;;
Erfassung, Vermessung und Berechnung;Pina Earth;Deutsch;Pina Earth prüft den Wald mit digitalen mitteln und vergibt entsprechende CO2 Zertifikate;(1) Klimaregulation;Klimaregulation#Weil der Dienst CO2-Zertifikate ausstellt und dadurch das Weltklima positiv beeinflussen möchte.;;https://www.pina.earth/konzept;;;;;;;;;;;;;;
Navigation und Geographische Informationssysteme (GIS);Vision Impulse;Englisch;With a team of experts in artificial intelligence and geospatial data analytics, we empower your business with the latest AI technologies and geospatial insights. We offer first-class AI expertise and global in-depth geospatial expert insights. We analyze millions of data points from satellites, airplanes, drones, mobile and sensor devices. We empower your business by integrating our geospatial solutions and AI technologies in your processes.;(1) Krankheitsregulation, Holz;Krankheitsregulation#Durch die Analyse können Probleme im Wald schneller erkannt und bekämpft werden.Holz#Durch das Vermessen der Bäume kann bei der Holzproduktion geholfen werden;;https://www.vision-impulse.com/;;;;;;;;;;;;;;
Navigation und Geographische Informationssysteme (GIS);EFFIS - Current Situation Viewer;Englisch;The most up to date information on the current fire season in Europe and in the Mediterranean area. This includes today meteorological fire danger maps and forecast up to 6 days, daily updated maps of hot spots and fire perimeters.;Alle;Alle#Durch den Schutz des Waldes vor Bränden werden alle vom Wald geleisteten Ökosystemleistungen aufrecht erhalten.;Europa;https://effis.jrc.ec.europa.eu/apps/effis_current_situation/;;;;;;;;;;;;;;
Planung und Verwaltung;EFFIS - Current Statistics Portal;Englisch;The portal provides information on the evolution of the current fire season;Alle;Alle#Durch den Schutz des Waldes vor Bränden werden alle vom Wald geleisteten Ökosystemleistungen aufrecht erhalten.;Europa;https://effis.jrc.ec.europa.eu/apps/effis.statistics;;;;;;;;;;;;;;
Navigation und Geographische Informationssysteme (GIS);EFFIS - Firenews;Englisch;Fire news is an application that collects, geo-locates and stores in a database fire news published in the internet in all the EU and other languages, allowing the user to filter the news on the basis of geographical scope, keywords, etc.;-;-;Europa;https://effis.jrc.ec.europa.eu/apps/firenews.viewer;;;;;;;;;;;;;;
Planung und Verwaltung;EFFIS - Long-term fire weather forecast;Englisch;Monthly and seasonal forecast of temperature and rainfall anomalies that are expected to prevail over European and Mediterranean areas.;Alle;Alle#Durch den Schutz des Waldes vor Bränden werden alle vom Wald geleisteten Ökosystemleistungen aufrecht erhalten.;Europa;https://effis.jrc.ec.europa.eu/apps/effis.longterm.forecasts;;;;;;;;;;;;;;
Navigation und Geographische Informationssysteme (GIS);EFFIS - Wildfire Risk Viewer;Englisch;Wildfire Risk index for the pan-European Scale. This includes two main groups of components by considering the fire danger (or hazard) and the vulnerability on three categories: people, ecological, and economic values exposed in vulnerable areas.;Alle;Alle#Durch den Schutz des Waldes vor Bränden werden alle vom Wald geleisteten Ökosystemleistungen aufrecht erhalten.;Europa;https://effis.jrc.ec.europa.eu/apps/fire.risk.viewer;;;;;;;;;;;;;;
Planung und Verwaltung;EFFIS - Data Request Form;Englisch;Request for data that are not directly available via the EFFIS web services.;-;-;Europa;https://effis.jrc.ec.europa.eu/apps/data.request.form;;;;;;;;;;;;;;
Planung und Verwaltung;EFFIS - Data and Services;Englisch;Country totals (burnt areas & number of fires) per year, as published in the Forest Fires in Europe, North Africa and Middle East reports.;-;-;Europa;https://effis.jrc.ec.europa.eu/applications/data-and-services;;;;;;;;;;;;;;
Sonstiges;Niederwald-App;Deutsch;Ein Besuch im Niederwald ist eine wahre Entdeckungsreise und so sollte auch die App den Besuchern ein Erlebnis werden. Durch den Niederwald laufen Besucher hindurch, entdecken Wald und Wiesen, Denkmäler und nicht zuletzt den Rhein. Diese Erkundungstour wird in die App synchronisiert. In der App gibt es viele Texte, Bilder, Hörbeispiele, in denen wiederum auf andere Medien hingewiesen wird.;(1) Bildung, Erholung und Freizeit, Ortsbewusstsein;Bildung#Bringt dem Nutzer das Konzept des Niederwalds näherErholung und Freizeit#Stellt ein Erlebnis für den Besucher des Waldes dar.Ortsbewusstsein#Hilft dabei den Niederwald mit samt seiner Wälder, WIesen und Denkmäler zu erkunden.;Rüdesheim;https://apps.apple.com/us/app/niederwald/id1130945349;;;;;;;;;;;;;;
Sonstiges;NatureSpots;Deutsch;In der NatureSpots App kannst du deine Entdeckungen in der Natur mit einer wachsenden Community gemeinsam erleben. Wir helfen bei der Artbestimmung und teilen deine Liebe zur Natur. Lade deine Fotos von Tieren, Pflanzen, Pilzen oder Lebensräumen in der App auf die Karte und trage zu einem offenen Atlas der Biodiversität bei.;(1) Bildung, Genetische Ressourcen;;;https://www.naturespots.net/de/;;;;;;;;;;;;;;
Sonstiges;Wald-Klima-App;Deutsch;Eine App begleitet den Wald-Klima-Lehrpfad. Sie soll zur allgemeinen Information und Besucherlenkung dienen. Zudem enthält sie eine Rallye, die thematisch an den Wald-Klima-Lehrpfad angelehnt ist.;(1) Bildung, Erholung und Freizeit, Ortsbewusstsein;Bildung#Die App begleitet den Lehrpfad mit Informationen Erholung und Freizeit#Ergänzt die Freizeiterfahrung auf dem Wald-Klima-LehrpfadOrtsbewusstsein#;Münsterland;http://www.fit-fuer-den-klimawandel.de/waldpaedagogik/wald-klima-app/;;;;;;;;;;;;;;
Sonstiges;Bildungsserver Wald;Deutsch;Diese Plattform dient der Sammlung kostenloser Bildungs- und Informationsmaterialien zum Wald für verschiedene Anwendungsgebiete.;(1) Bildung;Bildung#Stellt Lernmaterial zum Thema Wald zur verfügung;;https://www.bildungsserver-wald.de/;;;;;;;;;;;;;;
Navigation und Geographische Informationssysteme (GIS);Restor.eco;Deutsch;Ein globales Netzwerk von Akteuren arbeitet zusammen, um wichtige naturbasierte Lösungen voranzutreiben. Restor ermöglicht den Austausch von Daten, lokalem Wissen und Finanzmitteln zwischen diesen Akteuren.;Alle;Alle#Da durch das Aufforsten und Renaturieren alle Ökosystemleistungen gefördert werden.;;https://restor.eco/de/?lat=26&lng=14.23&zoom=3;;;;;;;;;;;;;;
Navigation und Geographische Informationssysteme (GIS);Geoslam;Englisch;"Handheld 3d LaserScanning: Forestry scanning for carbon sequestration measurement; Orchard scanning for improving agricultural practices; Powerline scanning for identifying clashing tree canopies; Roadway scanning to identify tree clearance bottlenecks";(1) Klimaregulation(2) Holz;Klimaregulation# Durch das Scannen des Forsts kann die Kohlenstoffbindung gemessen werdenHolz# Durch das Scannen des Forsts können eventuell forstwirtschaftliche Praktiken verbessert werden.;;https://geoslam.com/industries/forestry/;;;;;;;;;;;;;;
Navigation und Geographische Informationssysteme (GIS);RemoteSensing;Englisch;Remote Sensing of Natural Resources and Infrastructure: Forest and Environment, Natural Hazards & Risk, Infrstructure;(2) Holz, Klimaregulation;Holz#Mit der Software kann Forstmanagement unterstützt werden.Klimaregulation#Durch das erkennen von natürlichen Bedrohungen für den Wald können diese bekämpft werden.;;https://www.remotesensing.at/;;;;;;;;;;;;;;
Sonstiges;Dryad - Silvanet;Deutsch;Silvanet bietet Lösungen zur Brandfrüherkennung sowie zur Überwachung des Waldzustands und -wachstums für öffentliche und private Wälder. Silvanet liefert aussagekräftige Analysen auf der Grundlage von Live-Daten, die von Silvanet-Sensoren und kompatiblen Sensoren von Drittanbietern gesammelt werden.;(1) Alle;Alle#Durch den Schutz des Waldes durch Brände werden alle vom Wald geleisteten Ökosystemleistungen aufrecht erhalten.;;https://de.dryad.net/silvanet;;;;;;;;;;;;;;
Navigation und Geographische Informationssysteme (GIS);Festmeter;Deutsch;Wald Monitoring mithilfe von Dronen und Flugzeugen. Die Daten werden Analysiert und es wird eine Vitalitätsanalyse erstellt. Eine App zeigt die Daten aufbereitet an.;(1) Krankheitsregulation;Krankheitsregulation#Durch die Vitalitätsanalyse können Probleme im Wald schneller erkannt und bekämpft werden.;;https://www.festmeter.at/;;;;;;;;;;;;;;
Navigation und Geographische Informationssysteme (GIS);Drone Passion;Deutsch;Wir bieten Ihnen eine Kostengünstige und effektive Lösung zur Borkenkäfer- Früherkennung und zur VItalitätsanalyse Ihres Waldes. Zusätzlich bieten wir auch Bestandsanalysen wie Baumzählungen zur Unterstützung von Forstmaßnahmen .;(1) Holz, Krankheitsregulation;Holz#Durch die Früherkennung von Borkenkäferbefällen können Schäden minimiert und die Holzproduktion dadurch verbessert werden.Krankheitsregulation#Durch die Früherkunnung von Borkenkäfern können diese bekämpft werden.;;https://drone-passion.at/industrie-anwendungen/borkenkaefer-richtig-erstellt/;;;;;;;;;;;;;;
Navigation und Geographische Informationssysteme (GIS);OCELL - Dynamic Forest;Deutsch;Mit der Dynamic Forest App haben Sie die aktuellsten Daten des Forstmanagements immer in der Hosentasche dabei. Über das einfache Filtern der Karten können GIS-Daten und Informationen über Arbeitsmaßnahmen einfach und übersichtlich dargestellt werden. Neue Kartenobjekte und Arbeitsaufträge sind mit wenigen Klicks im Wald angelegt und direkt mit allen berechtigten Mitgliedern des Betriebs geteilt.;(1) Holz;Holz#Weil die Software die Arbeitsabläufe im Forst effizienter und schneller ablaufen lässt.;;https://www.ocell.io/dynamic-forest;;;;;;;;;;;;;;
Navigation und Geographische Informationssysteme (GIS);OCELL - Digitale Forsteinrichtung;Deutsch;Mit unserer digitalen Forsteinrichtung bieten wir Forstbetrieben die Möglichkeit sämtliche Bestandsinformationen und Geodaten des Betriebes in ein modernes und nutzbares Format zu überführen, mit dem alle Beteiligten in Dynamic Forest arbeiten können. ;(1) Holz;Holz#Weil die Software die Arbeitsabläufe im Forst effizienter und schneller ablaufen lässt.;;https://www.ocell.io/digitale-forsteinrichtung;;;;;;;;;;;;;;
Erfassung, Vermessung und Berechnung;Treeva;Deutsch;Mit treeva verorten Förster und Waldbesitzer Bäume auf Knopfdruck - manuell oder per Sprache. In Karten und Auswertungen können fotooptisch vermessene Holzpolter, Einzelstämme oder Sicherheitshinweise für jedes Objekt übersichtlich zusammengefasst werden. Damit gewinnen Sie eine hocheffiziente Arbeitsplanung und eine verbesserte Kommunikation unter allen Beteiligten der Holzprozesskette.;(1) Holz;Holz#Weil die Software die Arbeitsabläufe im Forst effizienter und schneller ablaufen lässt.;;https://www.treeva.de/;;;;;;;;;;;;;;
Sonstiges;TREEO;Deutsch;TREEO bietet freiwillige CO2-Removals durch das pflanzen von Bäumen;(1) Klimaregulation;Klimaregulation#Weil der Dienst CO2-Zertifikate ausstellt und dadurch das Weltklima positiv beeinflussen möchte.;;https://treeo.one/de/;;;;;;;;;;;;;;
Planung und Verwaltung;Siwawa;Deutsch;SiWaWa 2.0 ist ein einfaches und effektives Waldwachstum-Simulationsmodell für Forstpraktiker. Das App ermöglicht mit nur wenigen Klicks und direkt vor Ort im Wald, den aktuellen Zustand eines Bestands spezifisch und detailliert zu quantifizieren und seine zukünftige Entwicklung ohne oder mit Eingriffen zu simulieren.;(1) Holz;Holz#Die App bietet anhand von eingetragenen Daten WachstumsSimulationsmodelle für Forstpraktiker;;https://play.google.com/store/apps/details?id=ch.bfh.siwawa&hl=de;;;;;;;;;;;;;;
Navigation und Geographische Informationssysteme (GIS);arcgis;Deutsch;In diesem Atlas können Nutzer*innen die Ökosystemleistungen, die Einflussfaktoren Klima und Landnutzung sowie Biodiversität in den verschiedenen Regionen Bayerns erkunden.;(1) Alle;Alle#;Bayern;https://experience.arcgis.com/experience/994323361cfc406f9bc2b4bc38d02984/page/Atlas/?data_id=dataSource_68-185972714f3-layer-8%3A1093&views=Allgemeine-Info--------------%2CAlle-%C3%96kosystemleistungen;;;;;;;;;;;;;;
Sonstiges;VRD-Agroforstwirtschaft;Deutsch;"Die App ""VRD-Agroforstwirtschaft"" der VRD Stiftung für Erneuerbare Energien hilft Schülerinnen und Schülern auf einfache Weise, sich einen ersten Einblick in das innovative Thema Agroforstwirtschaft zu erarbeiten.";(1) Holz, Bildung, Nahrung;Holz#Bietet dem Nutzer Informationen zu einer Art der ForstwirtschaftBildung#Bietet dem Nutzer Informationen zur AgroforstwirtschaftNahrung#Mit der Agroforstwirtschaft können die Forstwirtschaft und die Produktion von Nahrungsmitteln kombiniert werden;;https://play.google.com/store/apps/details?id=de.duktil.agroforstvrd&gl=DE;;;;;;;;;;;;;;
Erfassung, Vermessung und Berechnung;Ackerradar;Deutsch;Bodenbestandsaufnahme - großflächig, günstig, energieautarkUnsere Messstange für den Wald ermittelt in 0,5 m Höhe vom Waldboden die Temperatur, Luftfeuchtigkeit sowie verschiedene Gase. Im Erdboden werden bis zu 2 m Tiefe die Bodenparameter ausgelesen.Historisierung der Daten für Klima- und ForschungsmodelleDie Messwerte werden über das verwendete Funkprotokoll zur Software gesendet und angezeigt. Natürlich werden diese Daten auch in einer Datenbank gespeichert und stehen so zu Auswertungen in der Anwendung zur Verfügung. ;(1) Klimaregulation(2) Holz;Klimaregulation#Das System liefert Daten über den Zustand des Mikroklimas im Wald. Dadurch können Probleme frühzeitig erkannt und behoben werden.Holz# Durch das erkennen und beheben von Problemen im Wald kann die Holzproduktion optimiert werden.;;https://www.ackerradar.de/forstwirtschaft;;;;;;;;;;;;;;
Erfassung, Vermessung und Berechnung;I-Tree mytree;englisch;"Webpage auf der die Geolokation eines Waldes weltweit angegeben werden kann. Es lassen sich dann Baumarten auf der Goelokation auswählen und in eine Datenbank einpflegen. Am Ende berechnet die Seite aufbauend auf der Anzahl der Bäume den Wert der Ökosystemleistung (CO2; Sturmflut; Luftverschmutzung)";(1) Klimaregulation, Wasserregulation;Klimaregulation#Die Software kann anhand von eingegebenen Daten Informationen zum Einfluss des Waldes auf Kohlenstoffdioxid und Luftverschmutzung geben.Wasserregulation#Die Software kann anhand von eingegebenen Daten Informationen zum Einfluss des Waldes auf Sturmwässer geben.;;https://mytree.itreetools.org/#/;;;;;;;;;;;;;;
Erfassung, Vermessung und Berechnung;i-tree species;Englisch;"Dieses Tool unterstützt dabei, die geeignetste Baumart basierend auf potenziellen Vorteilen und geographischen Gebiet auszuwählen. Sie beginnen, indem Sie Ihren Standort wählen und dann die Wichtigkeit jeder gewünschten Baumleistung von 0 bis 10 einordnen. Die Auswahl der Baumarten basiert auf drei Arten von Informationen: Winterhärte, die durch Staat und Stadt bestimmt wird; maximale und minimale Wuchshöhe, die vom Benutzer festgelegt wird; und Umweltfaktoren, die von 0 bis 10 eingestuft werden, einschließlich Kohlenstoffspeicherung, Luftverschmutzungsentfernung, Auswirkungen auf Regenwasser, Energieeinsparung in Gebäuden, Reduzierung der Lufttemperatur, Ultraviolettstrahlungsminderung, Pollenallergenität und Windreduktion.";(1) Holz, Klimaregulation, Wasserregulation(2) Kulturelle Herkunft;Holz#Die App kann bei der Holzproduktion helfen indem Baumarten vorgeschlagen werden welche gut mit den Umweltbedingungen am Standort zurecht kommen.Klimaregulation#Die App kann Baumarten vorschlagen, welche besonders bei der Klimaregulation (z.B. durch Carbon Storage aber auch Wind Reduktion) helfen.Wasserregulation#Die App kann Baumarten vorschlagen, die besonders gut bei der Wasserregulation helfen.Kulturelle Herkunft#Die Baumarten können auch auf kulturelle Bedürfnisse zugeschnitten werden.;;https://species.itreetools.org/;;;;;;;;;;;;;;
Erfassung, Vermessung und Berechnung;i-tree Eco;Englisch;i-Tree Eco v6 ist ein Modell zur Schätzung von Ökosystemdienstleistungen und Eigenschaften urbaner oder ländlicher Wälder. Es bietet flexible mobile Datenerfassungsoptionen und generiert auf wissenschaftlichen Gleichungen basierende Schätzungen. Baummessungen und Umweltdaten werden zur Berechnung struktureller und funktionaler Informationen genutzt. Ein Prognosemodul ermöglicht die Vorhersage zukünftiger Baumgrößen und Umweltvorteile. Die Software liefert Schätzungen zu Waldstruktur, Schadstoffreduktion, Kohlenstoffspeicherung, Energiewirkungen und mehr.;(1) Klimaregulation, Krankheitsregulation;Klimaregulation#Weil durch die Software Daten über die Speicherung von CO2 im Wald gewonnen werden könnenKrankheitsregulation#Weil durch die Software das Potential von Schädlingen abgeschätzt werden kann.;;https://www.itreetools.org/tools/i-tree-eco/i-tree-eco-overview;;;;;;;;;;;;;;
Navigation und Geographische Informationssysteme (GIS);Waldzustandmonitor;Deutsch;Im Waldzustandmonitor ist ein Ländervergleich möglich innerhalb Europas auf einer Zeitachse von 20 Jahren.  Es zeigt Anhand einer Farblegende den Zustand des Waldes an. Das Projekt basiert auf einem Forschungsprojekt und nutzt Satelitendaten. ;(2) Primärproduktion;;;https://waldzustandsmonitor.de;;;;;;;;;;;;;;
Erfassung, Vermessung und Berechnung;KWF Web App zur Bewertung von Wildschäden im Wald;Deutsch;Webapp zur Berechnung von Verbissschäden. Es kann die Berechnungsmethode, die Art der Bäume, die Art des Schadens und die Anzahl der Schäden eingegeben werden. Durch die Eingabe wird eine Entschädigungssumme berechnet und ein Schreiben generiert um dieser Forderung ausdruck zu verleihen. ;(2) Holz;Holz#Unterstützt Holzproduzenten, wenn diese Verbisschäden im Forst vorfinden;;https://kwf2020.kwf-online.de/bewertung-von-wildschaeden-im-wald/;;;;;;;;;;;;;;
Erfassung, Vermessung und Berechnung;WebTotholzkalkulator;Deutsch;Die Webapp berechnet wie ein vorhandener Totholzvorrat sich zukünftig entwickelt sowie welche Totholzmenge bei welcher Nachlieferung an Totholz zukünftig zu erwarten ist. Die Abschätzungen gelten nur für Totholz ab 20cm Mindestdurchmesser. ;(1) Nährstoffkreislauf;;;https://www.nw-fva.de/WebTotholzkalkulator/;;;;;;;;;;;;;;
Erfassung, Vermessung und Berechnung;Rotkerntafel;Deutsch;Webapp zur Berechnung der Wahrscheinlichkeit vom auftreten eines Rotkerns;(1) Holz;Holz#Hilft bei der verbessung der Qualität von Buchenholz;;https://www.nw-fva.de/rotkerntafel/;;;;;;;;;;;;;;
Planung und Verwaltung;.eldat;Deutsch;bietet eine Lösung für die effiziente Verwaltung und Steuerung der Holzbereitstellung. Es ermöglicht die Erfassung und Überwachung von Holzbeständen, die Planung und Optimierung von Lieferungen sowie die Verwaltung von Aufträgen und Dokumentationen.;(1) Holz;Holz#Hilft bei der Erfassung, Planung, Verwaltung und Optimierung von Holz;;https://www.eldatstandard.de/;;;;;;;;;;;;;;
Planung und Verwaltung;Premium Forst;Deutsch;"Die ""ForstApp Premium Edition"" ist eine umfassende Anwendung für den Forstbereich, die Funktionen wie Aufzeichnung von Waldarbeiten, Bestandsverwaltung, Holzpreisberechnung, Schadensdokumentation und Forstmaßnahmenplanung bietet.";(1) Holz;Holz#Hilft bei der Bereitstellung von Holz indem Werkzeuge zu Waldarbeiten, Bestandsverwaltung, Holzpreisberechnung, Schadensdokumentation und Forstmaßnahmenplanung bereitgestellt werden.;;https://play.google.com/store/apps/details?id=appinventor.ai_andreas_reiterer1998.ForstApp_PremiumEdition&hl=de;;;;;;;;;;;;;;
Planung und Verwaltung;Jagdtagebuch;Deutsch;"Das Tagebuch wurde entwickelt, um die schönen und atemberaubenden Momente im Revier festzuhalten und durch aufzeichnungen auf den Wildstand schließen zu können. Die Oberfläche wurde absichtlich sehr schlicht gehalt. Ganz nach dem Spruch ""Manchmal ist weniger mehr"".";(1) Nahrung(2) Ästhetic;Nahrung#Hilft Jägern mit Aufzeichnungn Rückschlüsse auf den Wildstand zu schließen.Ästhetic#Durch das festhalten besonderer Augenblicke im Jagdreviert;;https://play.google.com/store/apps/details?id=appinventor.ai_andreas_reiterer1998.Jagdtagebuch&hl=de;;;;;;;;;;;;;;
Erfassung, Vermessung und Berechnung;Waldfinder Vorarlberg;Deutsch;Die „Waldfinder-App“ bietet ein Hilfsmittel zum Auffinden von Waldparzellen in Vorarlberg an.;(2)Ortsbewusstsein;Ortsbewusstsein#Indem die App bei dem Auffinden von Waldparzellen hilft;Vorarlberg (Österreich);https://play.google.com/store/apps/details?id=waldfinder.appwerkstatt.at.waldfinder;;;;;;;;;;;;;;
Erfassung, Vermessung und Berechnung;Baumhöhenmesser;Deutsch;Diese App ist daher als ein Hilfsmittel zur schnellen Schätzung von Baumhöhen gedacht. Sie soll darüber hinaus Forststudenten das Verfahren der Höhenmessung verdeutlichen.;(2) Holz, Bildung;Holz#Kann durch das Abschätzen der Baumhöhe einen Überblick über die Menge an Holz in einem Baum geben.Bildung#Die App soll Forststudenten das Verfahren der Höhenmessung verdeutlichen;;https://play.google.com/store/apps/details?id=ftools.baumhoehenmesser&hl=de;;;;;;;;;;;;;;
Planung und Verwaltung;Durchforstung;Deutsch;Die App Durchforstung richtet sich an Waldbesitzende und ForsteinrichterInnen. Mit der App kann man Durchforstungsansätze auf Basis der Ertragstafeln ohne langes Rechnen für Rein und Mischbestände herleiten.;(1) Holz;Holz#Indem Durchforstungsansätze mit der Hilfe von Ertragstafeln erleichtert werden;;https://play.google.com/store/apps/details?id=ftools.durchforstung;;;;;;;;;;;;;;
Planung und Verwaltung;Waldklade;Deutsch;Die Waldkladde ist eine mobile App, die speziell für Waldbesitzer mit weniger als 20 ha entwickelt wurde, um das Interesse am Wald und einer nachhaltigen Bewirtschaftung zu fördern. Sie ermöglicht die fortlaufende Aktualisierung von Bestandsdaten, bietet Vorschläge für nachhaltige Nutzungssätze und erinnert an dringende Aufgaben. Die App ist einfach zu bedienen, speichert alle Maßnahmen und kann an lokale Gegebenheiten angepasst werden, während sie gleichzeitig die wichtigsten Forsteinrichtungsdaten automatisiert an Waldbesitzer und -besitzerinnen weitergibt.;(1)Holz(2)Ortsbewusstsein, Klimaregulation;Holz#Kann kleineren Waldbesitzern bei einer nachhaltigen Bewirtschaftung ihrer Wälder helfen indem Bestandsdaten aktualisiert werden und Nutzungssätze vorgeschlagen werden. Weiterhin wird die Holzproduktion verbessert indem an dringende Aufgaben im Wald erinnert wird.Ortsbewusstsein#Fördert das Interesse am eigenen WaldKlimaregulation#Durch die Förderung von einer Nachhaltigen Bewirtschaftung des eigenen Walds werden dessen positive Einflüsse auf das Klima gefördert.;;https://play.google.com/store/apps/details?id=ftools.waldkladde;;;;;;;;;;;;;;
Planung und Verwaltung;Nutzungsplaner;Deutsch;Der NutzungsPlaner ist eine mobile App, die Forstexperten dabei unterstützt, die Nutzungsmengen in Rein- und Mischbeständen zu schätzen und diese gemäß den Empfehlungen der NW-FVA zur Grundflächenhaltung bei gestaffelter Hochdurchforstung zu bewirtschaften. Die App ermöglicht die Eingabe von Bestandesdaten, Baumarten und Mischungsformen, berechnet den Bestockungsgrad und schlägt die entsprechende Nutzungsmenge vor. Die Daten können gespeichert und zur weiteren Verarbeitung auf den eigenen PC übertragen werden.;(1) Holz;Holz#Da es Forstexperten bei bei der Schätzung von Nutzungsmengen im Forst zu schätzen, den Bestockungsgrad zu Berechnen und die App schlägt eine Nutzungsmenge vor.;;https://play.google.com/store/apps/details?id=ftools.nutzung;;;;;;;;;;;;;;
Erfassung, Vermessung und Berechnung;Dateneingabe Mobil Pro;Deutsch;Die App DEM (Dateneingabe mobil) ermöglicht die mobile Datenerfassung auf Android-Handys oder -Tablets. Sie ist vielseitig einsetzbar für Studenten, Förster, Landwirte, Biologen, Geologen, Soziologen und Meinungsforscher, um Messdaten, Befragungen oder Zählerstände strukturiert und offline zu erfassen. Die App speichert die Informationen in einer SQLite-Datenbank, die per E-Mail, Cloud oder Datenkabel zur weiteren Auswertung auf den PC übertragen werden kann.;(2) Bildung, Holz;Bidung#Die App kann die Arbeit mit Messdaten und Befragungen unter anderem für Studenten erleichtern.Holz#Die App kann die Arbeit mit Messdaten und Befragungen unter anderem für Förster erleichtern.;;https://play.google.com/store/apps/details?id=ftools.dempro;;;;;;;;;;;;;;
Erfassung, Vermessung und Berechnung;Nutzungsplanung im Reinbestand;Deutsch;Die App ermöglicht Förstern, Forsteinrichtern und Forststudenten die Durchführung von Nutzungsplanungen in Reinbeständen basierend auf Ertragstafeln. Es können Bestände bonitiert, der Bestockungsgrad ermittelt und Empfehlungen für einen 10-jährigen Planungszeitraum generiert werden. Die App bietet eine Vielzahl von Ertragstafeln für verschiedene Baumarten aus Deutschland, Österreich und Frankreich, die inter- oder extrapolierbare Werte für die Derbholzmasse und den Zuwachs anzeigen. Die Benutzer können die gewünschte Ertragstafel auswählen, Parameter eingeben und Berechnungen durchführen, um Informationen zur Bonität, zum Bestockungsgrad, zum Zuwachs und zur Nutzungsmenge zu erhalten.;(1) Holz;Holz#Da die App die Arbeit mit Ertragstafeln für Förster, Forsteinrichtern und Forststudenten erleichtert.;;https://play.google.com/store/apps/details?id=my.droid;;;;;;;;;;;;;;
Sonstiges;Wildtierportal BW;Deutsch;Im Wildtierportal finden interessierte Bürgerinnen und Bürger detaillierte Fachinformationen zu über 40 Wildtieren in Baden-Württemberg, der Jagd sowie Neuigkeiten aus der Wildtierforschung und dem Wildtiermonitoring. Die Inhalte und Themengebiete werden fortlaufend aktualisiert. Als Jäger oder Jägerin können Sie sich in einem internen Bereich registrieren, um Ihr Jagdrevier zu verwalten, digital Streckenmeldungen aufzunehmen und Karten sowie Auswertungen zu nutzen.;(1) Nahrung;Nahrung#Weil in diesem Portal Fachinformationen zur Jagd bereitgestellt werden und Jagdreviere verwaltet werden können.Ortsbewusstsein#Weil Bürgerinnen und Bürger sich mit Fachintormationen zu Wildtieren und der Wildtierforschung in Baden-Würtemberg befassen können;Baden-Würtemberg;https://www.wildtierportal-bw.de/de;;;;;;;;;;;;;;
Sonstiges;Waldpfade BW;Deutsch;Die App WaldPfade BW bietet interaktive Lehrpfade in Baden-Württemberg, beginnend mit dem KlimaWandelPfad im Waldshuter Stadtwald. An zehn Stationen erfahren Erwachsene und Kinder, wie der Wald durch den Klimawandel und Borkenkäfer beeinflusst wird und wie ein neuer, an den Klimawandel angepasster Wald entsteht. Die App enthält Audioinhalte, weiterführende Informationen und eine Quizrallye im Kids-Modus.;(1)Bildung, Ortsbewusstsein, Erholung und Ökotourismus;Bildung#Die App unterstützt den KlimaWandelLehrpfad und liefert Informationen und Quizze, vor allem für Kinder. Ortsbewusstsein#Die App liefert gezielt Informationen über bestimmte Waldgebiete in Baden-WürtembergErholung und Ökotourismus#Die App ermöglicht Touristen Zugang und Entdeckung zu einem interessanten Ausflugziel;Baden-Würtemberg;https://apps.apple.com/de/app/waldpfade-bw/id1598569324;;;;;;;;;;;;;;
Sonstiges;Sachsenforst;Deutsch;Die Anwendungsgebiete für Sachsenforst umfassen verschiedene Bereiche im Forst- und Naturschutzmanagement. Dazu gehören die Waldinventur, das Monitoring von Waldökosystemen, die Erfassung und Verwaltung von Waldflächen und -ressourcen, die Planung und Umsetzung von nachhaltigen Forstmaßnahmen sowie die Unterstützung bei der Jagd und dem Wildtiermanagement. Darüber hinaus werden auch Informationen und Dienste für die Öffentlichkeit bereitgestellt, um das Bewusstsein für den Wald und seine Bedeutung zu fördern. Sachsenforst nutzt GIS-Technologien und mobile Anwendungen, um diese Aufgaben effizient und präzise durchzuführen.;(1) Holz, Ortsbewusstsein, Nahrung;Holz#Da es die Waldinventur und die Verwaltung von Waldflächen erleichtertOrtsbewusstsein#Weil es Informationen für die Öffentlichkeit bereitstellt und um das Bewusstsein für den Wald und dessen Bedeutung zu fördern. Nahrung#Unterstützt Jäger bei der Jagd und dem Management von Wildtieren;Sachsen;https://www.wald.sachsen.de/index.html;;;;;;;;;;;;;;
Navigation und Geographische Informationssysteme (GIS);qForst;Deutsch;QForst ermöglicht die Durchführung von Forsteinrichtung und Forstinventur in QGIS und bietet umfangreiche Funktionen zur Erfassung, Analyse und Verwaltung von Waldinformationen. Das Programm erleichtert Förstern und Waldbesitzern die Arbeit, indem es ihnen Werkzeuge zur Verfügung stellt, um Bestandsdaten zu erfassen, Bestandesparameter zu berechnen und Berichte zu erstellen. Durch die Integration in QGIS profitiert QForst von den leistungsstarken geografischen Analysefunktionen und der Flexibilität des Geoinformationssystems.;(1) Holz;Holz#Indem es die Durchführung von Inventuren, Analysen und der Verwaltung von Waldinformationen erleichtert;;https://www.map-site.de/qforst-forsteinrichtung-forstinventur-mit-qgis/;;;;;;;;;;;;;;
Sonstiges;STIPSI;Deutsch;Stipsi ist ein Stichprobensimulator für Bestandes- und Betriebsinventuren im Wald, der von der FVA-BW entwickelt wurde. Das Programm ermöglicht Förstern und Waldwirtschaftsexperten die Durchführung praxisnaher Stichprobenerhebungen und Waldparameterschätzungen. Es bietet verschiedene Methoden zur Stichprobenziehung und ermöglicht die Analyse der erhobenen Daten. Stipsi dient auch der Ausbildung von Fachleuten im Bereich Forstwirtschaft, indem es praxisnahe Erfahrungen und Schulungen zur Anwendung von Stichprobenverfahren und Waldinventuren bietet.;(1) Bildung;Bildung#Die Software dient der Ausbildung von Fachleuten im Bereich der Forstwirtschaft und hilft durch Simulationen dem Training von Förstern und Waldwirtschaftsexperten;;https://www.fva-bw.de/daten-tools/tools/stipsi-ein-stichprobensimulator-fuer-bestandes-und-betriebsinventuren;;;;;;;;;;;;;;
Planung und Verwaltung;Waldmeister;Deutsch;"Die Software ""Waldmeister"" bietet vielseitige Funktionen für die Waldwirtschaft. Sie unterstützt bei der Bestandserfassung, -bewertung und -planung, ermöglicht die Erstellung von Bestandskarten und bietet Werkzeuge zur Durchführung von Inventuren. Darüber hinaus bietet sie Funktionen zur Berechnung von Holzvorräten, Ertragskennzahlen und Wirtschaftlichkeitsanalysen. Die Software hilft Waldbesitzern und Forstbetrieben bei der effektiven und nachhaltigen Bewirtschaftung ihrer Wälder.";(1) Holz;Holz#Durch das bereitstellen von Funktionen und Werkzeugen für die Waldwirtschaft z.B. zur Bestandserfassung oder zum Durchfüühren von INventuren.;;http://vos.de/waldmeis.html;;;;;;;;;;;;;;
Erfassung, Vermessung und Berechnung;StakeOutApp;Deutsch;"Die ""GI Stake-Out App"" ist eine GIS-App zur Erfassung, Bearbeitung und Visualisierung geografischer Daten. Sie ermöglicht das Einmessen von Punkten, das Zeichnen von Linien und Flächen sowie das Hinzufügen von Attributdaten. Die App bietet auch GPS-Funktionen und die Möglichkeit, Daten zu teilen und zu exportieren.";(2) Holz;Holz#Durch das Abstecken von Flurstücken und Objekten wie z.B. Polter kann das Arbeiten im Forst erleichtert werden.;;https://www.gi-geoinformatik.de/gis-software/gi-stake-out-app/;;;;;;;;;;;;;;
Planung und Verwaltung;FOWIS-Betriebswerk;Deutsch;Das forstwirtschaftliche Informationssystem ist ein vielseitiges Werkzeug, das sowohl zur Erstellung moderner Forsteinrichtungswerke als auch zur Unterstützung der Betriebsführung dient. Es ermöglicht die Aktualisierung und Erfassung von Daten, bietet ein leistungsstarkes Abfragetool und ermöglicht die Visualisierung von Ergebnissen in einer Karte. Durch die Integration von Beratungsnotizen und Wirtschaftsplänen fließen die Ergebnisse der Forsteinrichtung direkt in die Betriebsführung ein.;(1) Holz;Holz#Hilft Forstbetrieben bei der Produktion von Holz indem es die Betriebsführung erleichtert.;;http://www.atalay-consult.de/produkte/;;;;;;;;;;;;;;
Planung und Verwaltung;FOWIS-Holz;Deutsch;Das Holzbuchführungsprogramm FOWIS-Holz ermöglicht die effiziente Verwaltung und Abrechnung von forstlichen Erzeugnissen, einschließlich Holzeinschlägen und Verkäufen. Es bietet Funktionen wie Holzlisten, Einschlagsübersichten und die Erfassung von Vollzugsmengen, und ermöglicht auch die Erstellung von Rechnungen und Aufteilung auf einzelne Waldbesitzer. Die erfassten Vollzugsmengen können nahtlos in den Vollzugsbereich von FOWIS-Betriebswerk übertragen werden.;(1) Holz;Holz#da es bei der Verwaltung von fortstlichen Erzeugnissen, so wie dessen Verkauf hilft. ;;http://www.atalay-consult.de/produkte/;;;;;;;;;;;;;;
Erfassung, Vermessung und Berechnung;FOWIS-mobile -Die Waldfee-;Deutsch;"FOWIS mobile, auch bekannt als ""Die Waldfee"", ist eine GIS-gestützte Anwendung für Windows Tablet-PCs, die eine bequeme mobile Holzaufnahme im Wald ermöglicht. Es bietet Funktionen wie das Aufmaß von liegendem und stehendem Holz, die Verwendung von GPS zur Positionierung in der Karte sowie den Datenaustausch mit FOWIS-Holz. Darüber hinaus können auch andere forstliche Objekte und Schadflächen erfasst und für Kartographie-Anwendungen exportiert werden.";(1) Holz(2)Nahrung;Holz#Hilft durch das Messen und Erfassen von HolzNahrung#Kann auch durch das Verwalten von Futterplätzen und Hochsitzen bei der Produktion von Nahrung helfen;;http://www.atalay-consult.de/produkte/;;;;;;;;;;;;;;
Navigation und Geographische Informationssysteme (GIS);FOWIS-GIS;Deutsch;Das GIS-AddOn FOWIS-GIS ermöglicht das Visualisieren der flächenbezogenen Informationen in der digitalen Karte. Mit diesem Hilfsmittel lassen sich alle Fachinformationen im regionalen Zusammenhang darstellen und in der Karte lokalisieren.;-;-;;http://www.atalay-consult.de/produkte/;;;;;;;;;;;;;;
Erfassung, Vermessung und Berechnung;seek;Englisch;Seek gehört zu iNaturalist und verfügt über eine verringerte Datenbank die dafür aber in Echtzeit Arten erkennt. Seek verwendet Bilderkennungstechnologie, um umgebende Wildtiere, Pflanzen und Pilze zu identifizieren und vertieft so Ihr Verständnis für die Natur. Es nutzt Gamification Ansätze, durch monatliche Herausforderungen und Abzeichen.;(1) Bildung;Bildung#Erweitert das Wissen des Nutzers bzgl. der Flora, Fauna und Fungi in seiner Umgebung;;https://www.inaturalist.org/pages/seek_app;;;;;;;;;;;;;;
